date,indeks,co2_price,volume
01.01.2016,t3pa,8.12,2818500.00
11.01.2016,t3pa,7.45,3425000.00
12.01.2016,t3pa,7.04,3425000.00
14.01.2016,t3pa,7.05,3425000.00
15.01.2016,t3pa,6.71,3495000.00
18.01.2016,t3pa,6.52,3425000.00
19.01.2016,t3pa,6.81,3425000.00
21.01.2016,t3pa,6.04,3425000.00
22.01.2016,t3pa,6.33,3495000.00
25.01.2016,t3pa,5.93,3425000.00
26.01.2016,t3pa,5.80,3425000.00
28.01.2016,t3pa,6.02,3425000.00
29.01.2016,t3pa,6.06,3495000.00
01.02.2016,t3pa,5.75,3425000.00
02.02.2016,t3pa,5.57,3425000.00
03.02.2016,t3pa,5.70,3526000.00
04.02.2016,t3pa,5.55,3425000.00
05.02.2016,t3pa,5.55,3495000.00
08.02.2016,t3pa,5.25,3425000.00
09.02.2016,t3pa,5.19,3425000.00
11.02.2016,t3pa,4.65,3425000.00
12.02.2016,t3pa,4.94,3495000.00
15.02.2016,t3pa,4.97,3425000.00
16.02.2016,t3pa,4.78,3425000.00
18.02.2016,t3pa,5.22,3425000.00
19.02.2016,t3pa,5.26,3495000.00
22.02.2016,t3pa,5.20,3425000.00
23.02.2016,t3pa,5.14,3425000.00
25.02.2016,t3pa,4.78,3425000.00
26.02.2016,t3pa,5.08,3495000.00
29.02.2016,t3pa,4.85,3425000.00
01.03.2016,t3pa,4.90,3425000.00
02.03.2016,t3pa,4.80,3526000.00
03.03.2016,t3pa,4.88,3425000.00
04.03.2016,t3pa,4.80,3495000.00
07.03.2016,t3pa,4.95,3425000.00
08.03.2016,t3pa,5.00,3425000.00
10.03.2016,t3pa,5.00,3425000.00
11.03.2016,t3pa,5.01,3495000.00
14.03.2016,t3pa,4.92,3425000.00
15.03.2016,t3pa,4.81,3425000.00
17.03.2016,t3pa,4.92,3425000.00
18.03.2016,t3pa,4.92,3495000.00
21.03.2016,t3pa,4.86,3425000.00
22.03.2016,t3pa,4.80,3425000.00
24.03.2016,t3pa,4.76,3425000.00
29.03.2016,t3pa,4.75,3425000.00
30.03.2016,t3pa,4.77,3526000.00
31.03.2016,t3pa,4.97,3425000.00
01.04.2016,t3pa,5.18,3495000.00
04.04.2016,t3pa,5.08,3425000.00
05.04.2016,t3pa,5.26,3425000.00
07.04.2016,t3pa,5.23,3425000.00
08.04.2016,t3pa,5.23,3495000.00
11.04.2016,t3pa,5.42,3425000.00
12.04.2016,t3pa,5.63,3425000.00
14.04.2016,t3pa,5.47,3425000.00
15.04.2016,t3pa,5.54,3495000.00
18.04.2016,t3pa,5.38,3425000.00
19.04.2016,t3pa,5.47,3425000.00
21.04.2016,t3pa,5.58,3425000.00
22.04.2016,t3pa,5.74,3495000.00
25.04.2016,t3pa,5.92,3425000.00
26.04.2016,t3pa,6.08,3425000.00
27.04.2016,t3pa,6.94,3526000.00
28.04.2016,t3pa,6.64,3425000.00
29.04.2016,t3pa,6.29,3495000.00
03.05.2016,t3pa,5.88,3425000.00
06.05.2016,t3pa,6.13,3495000.00
09.05.2016,t3pa,5.96,3425000.00
10.05.2016,t3pa,5.65,3425000.00
12.05.2016,t3pa,6.04,3425000.00
13.05.2016,t3pa,5.75,3495000.00
17.05.2016,t3pa,5.94,3425000.00
19.05.2016,t3pa,5.87,3425000.00
20.05.2016,t3pa,5.95,3495000.00
23.05.2016,t3pa,5.85,3425000.00
24.05.2016,t3pa,5.73,3425000.00
27.05.2016,t3pa,5.90,3495000.00
31.05.2016,t3pa,6.00,3425000.00
02.06.2016,t3pa,5.96,3425000.00
03.06.2016,t3pa,5.96,3495000.00
06.06.2016,t3pa,6.05,3425000.00
07.06.2016,t3pa,6.14,3425000.00
09.06.2016,t3pa,6.05,3425000.00
10.06.2016,t3pa,5.93,3495000.00
13.06.2016,t3pa,5.83,3425000.00
14.06.2016,t3pa,5.78,3425000.00
16.06.2016,t3pa,5.82,3425000.00
17.06.2016,t3pa,5.68,3495000.00
20.06.2016,t3pa,5.76,3425000.00
21.06.2016,t3pa,5.68,3425000.00
22.06.2016,t3pa,5.55,4407500.00
23.06.2016,t3pa,5.60,3425000.00
24.06.2016,t3pa,4.96,3495000.00
27.06.2016,t3pa,4.86,3425000.00
28.06.2016,t3pa,4.80,3425000.00
30.06.2016,t3pa,4.47,3425000.00
01.07.2016,t3pa,4.35,3495000.00
04.07.2016,t3pa,4.77,3425000.00
05.07.2016,t3pa,4.86,3425000.00
07.07.2016,t3pa,4.70,3425000.00
08.07.2016,t3pa,4.45,3495000.00
11.07.2016,t3pa,4.45,3425000.00
12.07.2016,t3pa,4.53,3425000.00
14.07.2016,t3pa,4.79,3425000.00
15.07.2016,t3pa,4.65,3495000.00
18.07.2016,t3pa,4.97,3425000.00
19.07.2016,t3pa,4.75,3425000.00
20.07.2016,t3pa,4.65,4407500.00
21.07.2016,t3pa,4.70,3425000.00
22.07.2016,t3pa,4.60,3495000.00
25.07.2016,t3pa,4.56,3425000.00
26.07.2016,t3pa,4.51,3425000.00
28.07.2016,t3pa,4.58,3425000.00
29.07.2016,t3pa,4.38,3495000.00
01.08.2016,t3pa,4.38,1712500.00
02.08.2016,t3pa,4.32,1712500.00
04.08.2016,t3pa,4.60,1712500.00
05.08.2016,t3pa,4.75,1747500.00
08.08.2016,t3pa,4.79,1712500.00
09.08.2016,t3pa,4.87,1712500.00
11.08.2016,t3pa,4.75,1712500.00
12.08.2016,t3pa,4.86,1747500.00
16.08.2016,t3pa,4.78,1712500.00
17.08.2016,t3pa,4.65,2644500.00
18.08.2016,t3pa,4.55,1712500.00
19.08.2016,t3pa,4.71,1747500.00
26.08.2016,t3pa,4.71,1747500.00
02.09.2016,t3pa,4.32,3495000.00
05.09.2016,t3pa,4.02,3664000.00
06.09.2016,t3pa,3.94,3664000.00
08.09.2016,t3pa,4.02,3664000.00
09.09.2016,t3pa,4.07,3495000.00
12.09.2016,t3pa,3.94,3664000.00
13.09.2016,t3pa,3.97,3664000.00
15.09.2016,t3pa,3.94,3664000.00
16.09.2016,t3pa,4.26,3495000.00
19.09.2016,t3pa,4.23,3664000.00
20.09.2016,t3pa,4.30,3664000.00
22.09.2016,t3pa,4.33,3664000.00
23.09.2016,t3pa,4.38,3495000.00
26.09.2016,t3pa,4.50,3664000.00
27.09.2016,t3pa,4.51,3664000.00
29.09.2016,t3pa,5.06,3664000.00
30.09.2016,t3pa,5.00,3495000.00
04.10.2016,t3pa,5.17,3664000.00
06.10.2016,t3pa,5.68,3664000.00
07.10.2016,t3pa,5.62,3495000.00
10.10.2016,t3pa,5.53,3664000.00
11.10.2016,t3pa,5.58,3664000.00
13.10.2016,t3pa,5.59,3664000.00
14.10.2016,t3pa,5.65,3495000.00
17.10.2016,t3pa,5.84,3664000.00
18.10.2016,t3pa,5.89,3664000.00
20.10.2016,t3pa,5.70,3664000.00
21.10.2016,t3pa,5.58,3495000.00
24.10.2016,t3pa,5.92,3664000.00
25.10.2016,t3pa,5.78,3664000.00
27.10.2016,t3pa,5.90,3664000.00
28.10.2016,t3pa,5.70,3495000.00
31.10.2016,t3pa,5.76,3664000.00
03.11.2016,t3pa,6.35,3664000.00
04.11.2016,t3pa,6.54,3495000.00
07.11.2016,t3pa,6.46,3664000.00
08.11.2016,t3pa,6.10,3664000.00
10.11.2016,t3pa,5.95,3664000.00
11.11.2016,t3pa,5.85,3495000.00
14.11.2016,t3pa,5.54,3664000.00
15.11.2016,t3pa,5.55,3664000.00
17.11.2016,t3pa,5.60,3664000.00
18.11.2016,t3pa,5.73,3495000.00
21.11.2016,t3pa,5.44,3664000.00
22.11.2016,t3pa,5.42,3664000.00
24.11.2016,t3pa,5.29,3664000.00
25.11.2016,t3pa,5.05,3495000.00
28.11.2016,t3pa,4.80,3664000.00
29.11.2016,t3pa,4.56,3664000.00
01.12.2016,t3pa,4.44,3664000.00
02.12.2016,t3pa,4.32,3495000.00
05.12.2016,t3pa,4.16,3664000.00
06.12.2016,t3pa,4.15,3664000.00
08.12.2016,t3pa,4.23,3664000.00
09.12.2016,t3pa,4.48,3495000.00
12.12.2016,t3pa,4.65,3664000.00
13.12.2016,t3pa,4.82,3664000.00
15.12.2016,t3pa,4.96,3684500.00
16.12.2016,t3pa,4.59,3495500.00
09.01.2017,t3pa,5.00,4261500.00
10.01.2017,t3pa,5.60,4261500.00
12.01.2017,t3pa,5.30,4261500.00
13.01.2017,t3pa,5.06,4473000.00
16.01.2017,t3pa,4.96,4261500.00
17.01.2017,t3pa,4.80,4261500.00
19.01.2017,t3pa,4.88,4261500.00
20.01.2017,t3pa,5.16,4473000.00
23.01.2017,t3pa,5.34,4261500.00
24.01.2017,t3pa,5.23,4261500.00
26.01.2017,t3pa,4.93,4261500.00
27.01.2017,t3pa,5.05,4473000.00
30.01.2017,t3pa,4.99,4261500.00
31.01.2017,t3pa,5.20,4261500.00
02.02.2017,t3pa,5.24,4261500.00
03.02.2017,t3pa,5.22,4473000.00
06.02.2017,t3pa,5.08,4261500.00
07.02.2017,t3pa,5.08,4261500.00
09.02.2017,t3pa,5.25,4261500.00
10.02.2017,t3pa,5.30,4473000.00
13.02.2017,t3pa,5.07,4261500.00
14.02.2017,t3pa,4.95,4261500.00
16.02.2017,t3pa,4.96,4261500.00
17.02.2017,t3pa,4.85,4473000.00
20.02.2017,t3pa,5.05,4261500.00
21.02.2017,t3pa,5.09,4261500.00
23.02.2017,t3pa,5.17,4261500.00
24.02.2017,t3pa,5.31,4473000.00
27.02.2017,t3pa,5.28,4261500.00
28.02.2017,t3pa,5.15,4261500.00
02.03.2017,t3pa,5.74,4261500.00
03.03.2017,t3pa,5.55,4473000.00
06.03.2017,t3pa,5.47,4261500.00
07.03.2017,t3pa,5.43,4261500.00
09.03.2017,t3pa,5.16,4261500.00
10.03.2017,t3pa,5.08,4473000.00
13.03.2017,t3pa,5.11,4261500.00
14.03.2017,t3pa,5.16,4261500.00
16.03.2017,t3pa,5.07,4261500.00
17.03.2017,t3pa,5.13,4473000.00
20.03.2017,t3pa,5.05,4261500.00
21.03.2017,t3pa,4.93,4261500.00
23.03.2017,t3pa,4.98,4261500.00
24.03.2017,t3pa,4.88,4473000.00
27.03.2017,t3pa,4.67,4261500.00
28.03.2017,t3pa,4.63,4261500.00
29.03.2017,t3pa,4.71,5738500.00
30.03.2017,t3pa,4.63,4261500.00
31.03.2017,t3pa,4.85,4473000.00
03.04.2017,t3pa,4.70,4261500.00
04.04.2017,t3pa,4.78,4261500.00
06.04.2017,t3pa,4.86,4261500.00
07.04.2017,t3pa,5.06,4473000.00
10.04.2017,t3pa,4.84,4261500.00
11.04.2017,t3pa,4.77,4261500.00
12.04.2017,t3pa,4.84,4857000.00
13.04.2017,t3pa,4.93,4261500.00
18.04.2017,t3pa,4.85,4261500.00
20.04.2017,t3pa,4.76,4261500.00
21.04.2017,t3pa,4.73,4473000.00
24.04.2017,t3pa,4.70,4261500.00
25.04.2017,t3pa,4.62,4261500.00
26.04.2017,t3pa,4.49,4857000.00
27.04.2017,t3pa,4.57,4261500.00
28.04.2017,t3pa,4.52,4473000.00
02.05.2017,t3pa,4.48,4261500.00
04.05.2017,t3pa,4.35,4261500.00
05.05.2017,t3pa,4.52,4473000.00
08.05.2017,t3pa,4.45,4261500.00
09.05.2017,t3pa,4.37,4261500.00
10.05.2017,t3pa,4.49,4857000.00
11.05.2017,t3pa,4.37,4261500.00
12.05.2017,t3pa,4.26,4473000.00
15.05.2017,t3pa,4.41,4261500.00
16.05.2017,t3pa,4.45,4261500.00
18.05.2017,t3pa,4.68,4261500.00
19.05.2017,t3pa,4.77,4473000.00
22.05.2017,t3pa,4.87,4261500.00
23.05.2017,t3pa,4.88,4261500.00
24.05.2017,t3pa,4.81,4857000.00
30.05.2017,t3pa,5.10,4261500.00
01.06.2017,t3pa,5.05,4261500.00
02.06.2017,t3pa,5.07,4473000.00
06.06.2017,t3pa,5.16,4261500.00
07.06.2017,t3pa,4.97,4857000.00
08.06.2017,t3pa,4.96,4261500.00
09.06.2017,t3pa,4.98,4473000.00
12.06.2017,t3pa,5.03,4261500.00
13.06.2017,t3pa,4.99,4261500.00
19.06.2017,t3pa,4.84,4261500.00
20.06.2017,t3pa,4.99,4261500.00
21.06.2017,t3pa,4.95,4857000.00
22.06.2017,t3pa,4.81,4261500.00
23.06.2017,t3pa,4.87,4473000.00
26.06.2017,t3pa,4.84,4261500.00
27.06.2017,t3pa,4.80,4261500.00
29.06.2017,t3pa,5.05,4261500.00
30.06.2017,t3pa,5.02,4473000.00
03.07.2017,t3pa,4.98,4261500.00
04.07.2017,t3pa,5.06,4261500.00
05.07.2017,t3pa,5.10,4857000.00
06.07.2017,t3pa,5.07,4261500.00
07.07.2017,t3pa,5.24,4473000.00
10.07.2017,t3pa,5.50,4261500.00
11.07.2017,t3pa,5.37,4261500.00
13.07.2017,t3pa,5.46,4261500.00
14.07.2017,t3pa,5.27,4473000.00
17.07.2017,t3pa,5.40,4261500.00
18.07.2017,t3pa,5.46,4261500.00
19.07.2017,t3pa,5.39,4857000.00
20.07.2017,t3pa,5.35,4261500.00
21.07.2017,t3pa,5.23,4473000.00
24.07.2017,t3pa,5.04,4261500.00
25.07.2017,t3pa,5.12,4261500.00
27.07.2017,t3pa,5.20,4261500.00
28.07.2017,t3pa,5.06,4473000.00
31.07.2017,t3pa,5.23,4261500.00
01.08.2017,t3pa,5.60,2131500.00
02.08.2017,t3pa,5.29,2428500.00
03.08.2017,t3pa,5.38,2131500.00
04.08.2017,t3pa,5.33,2236500.00
07.08.2017,t3pa,5.24,2131500.00
08.08.2017,t3pa,5.26,2131500.00
10.08.2017,t3pa,5.40,2131500.00
11.08.2017,t3pa,5.35,2236500.00
14.08.2017,t3pa,5.41,2131500.00
16.08.2017,t3pa,5.62,2428500.00
17.08.2017,t3pa,5.90,2131500.00
18.08.2017,t3pa,5.80,2236500.00
21.08.2017,t3pa,5.81,2131500.00
22.08.2017,t3pa,5.75,2131500.00
24.08.2017,t3pa,5.98,2131500.00
25.08.2017,t3pa,5.93,2236500.00
29.08.2017,t3pa,6.07,2131500.00
30.08.2017,t3pa,6.02,2428500.00
31.08.2017,t3pa,5.91,2131500.00
01.09.2017,t3pa,5.88,4473000.00
04.09.2017,t3pa,5.80,4261500.00
05.09.2017,t3pa,6.04,4261500.00
08.09.2017,t3pa,6.90,4473000.00
11.09.2017,t3pa,6.80,5329500.00
12.09.2017,t3pa,6.65,5329500.00
13.09.2017,t3pa,6.95,4857000.00
14.09.2017,t3pa,7.42,5329500.00
15.09.2017,t3pa,6.96,4473000.00
18.09.2017,t3pa,6.85,5319000.00
19.09.2017,t3pa,6.95,4261500.00
21.09.2017,t3pa,6.68,4261500.00
22.09.2017,t3pa,6.50,4473000.00
25.09.2017,t3pa,6.80,4261500.00
26.09.2017,t3pa,6.97,4261500.00
27.09.2017,t3pa,6.75,4857000.00
28.09.2017,t3pa,6.83,4261500.00
29.09.2017,t3pa,7.09,4473000.00
02.10.2017,t3pa,7.00,4261500.00
05.10.2017,t3pa,6.92,4261500.00
06.10.2017,t3pa,6.77,4473000.00
09.10.2017,t3pa,6.92,4261500.00
10.10.2017,t3pa,6.90,4261500.00
11.10.2017,t3pa,7.40,4857000.00
12.10.2017,t3pa,7.37,4261500.00
13.10.2017,t3pa,7.30,4473000.00
16.10.2017,t3pa,7.25,4261500.00
17.10.2017,t3pa,7.45,4261500.00
19.10.2017,t3pa,7.86,4261500.00
20.10.2017,t3pa,7.56,4473000.00
23.10.2017,t3pa,7.43,4261500.00
24.10.2017,t3pa,7.41,4261500.00
25.10.2017,t3pa,7.41,4857000.00
26.10.2017,t3pa,7.46,4261500.00
27.10.2017,t3pa,7.25,4473000.00
30.10.2017,t3pa,7.15,4261500.00
31.10.2017,t3pa,7.11,4261500.00
02.11.2017,t3pa,7.52,4261500.00
06.11.2017,t3pa,7.91,4261500.00
07.11.2017,t3pa,7.89,4261500.00
08.11.2017,t3pa,7.62,4857000.00
09.11.2017,t3pa,7.79,4261500.00
10.11.2017,t3pa,7.35,5591500.00
13.11.2017,t3pa,7.26,4261500.00
14.11.2017,t3pa,7.26,4261500.00
16.11.2017,t3pa,7.68,4261500.00
17.11.2017,t3pa,7.43,5591500.00
20.11.2017,t3pa,7.32,4261500.00
21.11.2017,t3pa,7.51,4261500.00
22.11.2017,t3pa,7.46,4857000.00
23.11.2017,t3pa,7.37,4261500.00
24.11.2017,t3pa,7.70,5591000.00
27.11.2017,t3pa,7.69,4261500.00
28.11.2017,t3pa,7.59,4261500.00
30.11.2017,t3pa,7.60,4261500.00
01.12.2017,t3pa,7.50,5591000.00
04.12.2017,t3pa,7.63,4261500.00
05.12.2017,t3pa,7.49,4261500.00
06.12.2017,t3pa,7.38,4855000.00
07.12.2017,t3pa,7.23,4261500.00
08.12.2017,t3pa,7.24,4473000.00
11.12.2017,t3pa,7.10,4261500.00
12.12.2017,t3pa,7.37,4261500.00
14.12.2017,t3pa,6.96,4273000.00
15.12.2017,t3pa,7.07,4481000.00
08.01.2018,t3pa,7.83,4213000.00
09.01.2018,t3pa,7.68,4213000.00
11.01.2018,t3pa,7.89,4213000.00
12.01.2018,t3pa,7.79,4360000.00
15.01.2018,t3pa,7.72,4213000.00
16.01.2018,t3pa,7.77,4213000.00
17.01.2018,t3pa,7.99,3547000.00
18.01.2018,t3pa,8.26,4213000.00
19.01.2018,t3pa,8.60,4360000.00
22.01.2018,t3pa,8.70,4213000.00
23.01.2018,t3pa,8.88,4213000.00
25.01.2018,t3pa,9.34,4213000.00
26.01.2018,t3pa,9.02,4360000.00
29.01.2018,t3pa,9.06,4213000.00
30.01.2018,t3pa,8.86,4213000.00
31.01.2018,t3pa,8.78,3547000.00
01.02.2018,t3pa,9.37,4213000.00
02.02.2018,t3pa,9.04,4360000.00
05.02.2018,t3pa,8.66,4213000.00
06.02.2018,t3pa,8.84,4213000.00
08.02.2018,t3pa,8.93,4213000.00
09.02.2018,t3pa,8.97,4360000.00
12.02.2018,t3pa,9.08,4213000.00
13.02.2018,t3pa,9.53,4213000.00
14.02.2018,t3pa,9.88,3547000.00
15.02.2018,t3pa,9.64,4213000.00
16.02.2018,t3pa,9.53,4360000.00
19.02.2018,t3pa,9.58,4213000.00
20.02.2018,t3pa,9.70,4213000.00
22.02.2018,t3pa,9.56,4213000.00
23.02.2018,t3pa,9.68,4360000.00
26.02.2018,t3pa,9.56,4213000.00
27.02.2018,t3pa,9.54,4213000.00
28.02.2018,t3pa,9.99,3547000.00
01.03.2018,t3pa,9.92,4213000.00
02.03.2018,t3pa,9.89,4360000.00
05.03.2018,t3pa,10.05,4213000.00
06.03.2018,t3pa,10.28,4213000.00
08.03.2018,t3pa,10.77,4213000.00
09.03.2018,t3pa,11.10,4360000.00
12.03.2018,t3pa,11.32,4213000.00
13.03.2018,t3pa,11.03,4213000.00
14.03.2018,t3pa,11.25,3547000.00
15.03.2018,t3pa,11.09,4213000.00
16.03.2018,t3pa,10.97,4360000.00
19.03.2018,t3pa,10.96,4213000.00
20.03.2018,t3pa,11.17,4213000.00
22.03.2018,t3pa,12.54,4213000.00
23.03.2018,t3pa,12.37,4360000.00
26.03.2018,t3pa,12.80,4213000.00
27.03.2018,t3pa,13.26,4213000.00
28.03.2018,t3pa,14.05,3547000.00
03.04.2018,t3pa,12.90,5271500.00
05.04.2018,t3pa,12.65,5267000.00
06.04.2018,t3pa,12.68,4360000.00
09.04.2018,t3pa,12.96,5264500.00
10.04.2018,t3pa,13.10,5262000.00
11.04.2018,t3pa,13.55,3547000.00
12.04.2018,t3pa,13.15,4213000.00
13.04.2018,t3pa,13.80,4360000.00
16.04.2018,t3pa,13.84,4213000.00
17.04.2018,t3pa,13.82,4213000.00
19.04.2018,t3pa,13.99,4213000.00
20.04.2018,t3pa,13.05,4360000.00
23.04.2018,t3pa,12.75,4213000.00
24.04.2018,t3pa,12.73,4213000.00
25.04.2018,t3pa,13.09,3547000.00
26.04.2018,t3pa,13.39,4213000.00
27.04.2018,t3pa,13.28,4360000.00
30.04.2018,t3pa,13.35,4213000.00
03.05.2018,t3pa,12.77,4213000.00
04.05.2018,t3pa,12.78,4360000.00
08.05.2018,t3pa,13.51,4213000.00
09.05.2018,t3pa,13.92,3547000.00
14.05.2018,t3pa,14.20,4213000.00
15.05.2018,t3pa,14.70,4213000.00
17.05.2018,t3pa,15.05,4213000.00
18.05.2018,t3pa,15.20,4360000.00
22.05.2018,t3pa,15.88,4213000.00
23.05.2018,t3pa,15.81,3547000.00
24.05.2018,t3pa,16.23,4213000.00
25.05.2018,t3pa,15.89,4360000.00
29.05.2018,t3pa,16.25,4213000.00
31.05.2018,t3pa,15.40,4213000.00
01.06.2018,t3pa,14.90,4360000.00
04.06.2018,t3pa,15.28,4213000.00
05.06.2018,t3pa,16.35,4213000.00
06.06.2018,t3pa,15.70,3547000.00
07.06.2018,t3pa,16.14,4213000.00
08.06.2018,t3pa,15.78,4360000.00
11.06.2018,t3pa,15.70,4213000.00
12.06.2018,t3pa,15.08,4213000.00
14.06.2018,t3pa,15.44,4213000.00
15.06.2018,t3pa,14.62,4360000.00
18.06.2018,t3pa,14.52,4213000.00
19.06.2018,t3pa,14.35,4213000.00
20.06.2018,t3pa,14.43,3547000.00
21.06.2018,t3pa,14.20,4213000.00
22.06.2018,t3pa,14.78,4360000.00
25.06.2018,t3pa,15.03,4213000.00
26.06.2018,t3pa,14.86,4213000.00
28.06.2018,t3pa,15.22,4213000.00
29.06.2018,t3pa,14.85,4360000.00
02.07.2018,t3pa,14.95,4213000.00
03.07.2018,t3pa,15.15,4213000.00
04.07.2018,t3pa,15.35,3547000.00
05.07.2018,t3pa,15.40,4213000.00
06.07.2018,t3pa,15.55,4360000.00
09.07.2018,t3pa,15.85,4213000.00
10.07.2018,t3pa,16.15,4213000.00
12.07.2018,t3pa,16.22,4213000.00
13.07.2018,t3pa,15.80,4360000.00
16.07.2018,t3pa,16.14,4213000.00
17.07.2018,t3pa,15.87,4213000.00
18.07.2018,t3pa,16.17,3547000.00
19.07.2018,t3pa,16.46,4213000.00
20.07.2018,t3pa,16.90,4360000.00
23.07.2018,t3pa,17.20,4213000.00
24.07.2018,t3pa,17.45,4213000.00
26.07.2018,t3pa,16.99,4213000.00
27.07.2018,t3pa,16.91,4360000.00
30.07.2018,t3pa,16.90,4213000.00
31.07.2018,t3pa,16.87,4213000.00
01.08.2018,t3pa,17.38,1773500.00
02.08.2018,t3pa,17.58,2104000.00
03.08.2018,t3pa,17.62,2180000.00
06.08.2018,t3pa,17.62,2104000.00
07.08.2018,t3pa,17.47,2104000.00
09.08.2018,t3pa,17.47,2104000.00
10.08.2018,t3pa,17.72,2180000.00
13.08.2018,t3pa,17.93,2104000.00
14.08.2018,t3pa,18.03,2104000.00
16.08.2018,t3pa,18.00,2104000.00
17.08.2018,t3pa,18.10,2180000.00
20.08.2018,t3pa,18.20,2104000.00
21.08.2018,t3pa,18.55,2104000.00
23.08.2018,t3pa,20.05,2104000.00
24.08.2018,t3pa,20.55,2180000.00
28.08.2018,t3pa,21.30,2104000.00
29.08.2018,t3pa,20.90,1773500.00
30.08.2018,t3pa,21.09,2104000.00
31.08.2018,t3pa,21.11,2180000.00
03.09.2018,t3pa,20.45,4213000.00
04.09.2018,t3pa,20.50,4213000.00
07.09.2018,t3pa,22.51,4360000.00
10.09.2018,t3pa,24.85,4213000.00
11.09.2018,t3pa,24.15,4213000.00
12.09.2018,t3pa,23.55,3547000.00
13.09.2018,t3pa,21.90,4213000.00
14.09.2018,t3pa,19.51,4360000.00
17.09.2018,t3pa,20.60,4213000.00
18.09.2018,t3pa,20.75,4213000.00
20.09.2018,t3pa,21.80,4213000.00
24.09.2018,t3pa,22.39,4213000.00
25.09.2018,t3pa,21.90,4213000.00
26.09.2018,t3pa,20.40,3547000.00
27.09.2018,t3pa,19.87,4213000.00
28.09.2018,t3pa,20.30,5450000.00
01.10.2018,t3pa,20.70,4213000.00
02.10.2018,t3pa,21.45,4213000.00
04.10.2018,t3pa,21.15,4213000.00
05.10.2018,t3pa,21.14,5450000.00
08.10.2018,t3pa,22.09,4213000.00
09.10.2018,t3pa,21.32,4213000.00
10.10.2018,t3pa,20.70,3547000.00
11.10.2018,t3pa,18.57,4213000.00
12.10.2018,t3pa,19.95,5450000.00
15.10.2018,t3pa,20.03,4213000.00
16.10.2018,t3pa,17.90,4213000.00
18.10.2018,t3pa,18.53,4213000.00
19.10.2018,t3pa,19.17,5450000.00
22.10.2018,t3pa,19.10,4213000.00
23.10.2018,t3pa,18.50,4213000.00
24.10.2018,t3pa,19.10,3547000.00
25.10.2018,t3pa,18.72,4213000.00
26.10.2018,t3pa,18.98,4360000.00
29.10.2018,t3pa,17.91,4213000.00
30.10.2018,t3pa,16.87,4213000.00
01.11.2018,t3pa,15.85,4213000.00
02.11.2018,t3pa,16.15,4360000.00
05.11.2018,t3pa,16.40,4213000.00
06.11.2018,t3pa,16.99,4213000.00
07.11.2018,t3pa,18.25,3547000.00
08.11.2018,t3pa,19.56,4213000.00
09.11.2018,t3pa,19.25,4360000.00
12.11.2018,t3pa,20.01,4213000.00
13.11.2018,t3pa,19.76,4213000.00
15.11.2018,t3pa,18.46,4213000.00
19.11.2018,t3pa,18.43,4213000.00
20.11.2018,t3pa,19.40,4213000.00
21.11.2018,t3pa,19.84,3547000.00
22.11.2018,t3pa,20.30,4213000.00
26.11.2018,t3pa,19.71,4213000.00
27.11.2018,t3pa,19.77,4213000.00
29.11.2018,t3pa,19.35,4213000.00
03.12.2018,t3pa,20.52,4213000.00
04.12.2018,t3pa,20.35,4213000.00
05.12.2018,t3pa,20.21,3543000.00
06.12.2018,t3pa,18.55,4213000.00
10.12.2018,t3pa,19.77,4213000.00
11.12.2018,t3pa,20.77,4213000.00
13.12.2018,t3pa,21.88,4213000.00
17.12.2018,t3pa,23.40,4148000.00
07.01.2019,t3pa,23.01,2495000.00
08.01.2019,t3pa,22.40,2495000.00
10.01.2019,t3pa,21.40,2495000.00
14.01.2019,t3pa,21.95,2495000.00
15.01.2019,t3pa,22.55,2495000.00
16.01.2019,t3pa,22.72,4428500.00
17.01.2019,t3pa,23.55,2495000.00
21.01.2019,t3pa,24.22,2495000.00
22.01.2019,t3pa,24.42,2495000.00
24.01.2019,t3pa,24.60,2495000.00
28.01.2019,t3pa,23.01,2495000.00
29.01.2019,t3pa,22.43,2495000.00
30.01.2019,t3pa,22.91,4428500.00
31.01.2019,t3pa,22.30,2495000.00
01.02.2019,t3pa,21.38,3209000.00
04.02.2019,t3pa,21.38,2495000.00
05.02.2019,t3pa,22.93,2495000.00
07.02.2019,t3pa,23.80,2495000.00
08.02.2019,t3pa,23.28,3209000.00
11.02.2019,t3pa,21.80,2495000.00
12.02.2019,t3pa,21.71,2495000.00
13.02.2019,t3pa,20.01,4428500.00
14.02.2019,t3pa,20.86,2495000.00
15.02.2019,t3pa,19.99,3209000.00
18.02.2019,t3pa,20.14,2495000.00
19.02.2019,t3pa,20.26,2495000.00
21.02.2019,t3pa,19.85,2495000.00
22.02.2019,t3pa,18.35,3209000.00
25.02.2019,t3pa,18.62,2495000.00
26.02.2019,t3pa,19.60,2495000.00
27.02.2019,t3pa,20.31,4428500.00
28.02.2019,t3pa,20.90,2495000.00
01.03.2019,t3pa,21.31,3209000.00
04.03.2019,t3pa,22.12,2495000.00
05.03.2019,t3pa,22.86,2495000.00
07.03.2019,t3pa,22.03,2495000.00
08.03.2019,t3pa,22.88,3209000.00
11.03.2019,t3pa,22.60,2495000.00
12.03.2019,t3pa,22.48,2495000.00
13.03.2019,t3pa,21.99,4428500.00
14.03.2019,t3pa,22.23,2495000.00
15.03.2019,t3pa,22.77,3209000.00
18.03.2019,t3pa,21.50,2495000.00
19.03.2019,t3pa,21.35,2495000.00
21.03.2019,t3pa,21.10,2495000.00
22.03.2019,t3pa,20.64,3209000.00
25.03.2019,t3pa,20.60,2495000.00
26.03.2019,t3pa,21.17,2495000.00
27.03.2019,t3pa,21.45,4428500.00
28.03.2019,t3pa,21.55,2495000.00
29.03.2019,t3pa,21.83,3209000.00
01.04.2019,t3pa,21.06,2495000.00
02.04.2019,t3pa,21.40,2495000.00
04.04.2019,t3pa,23.65,2495000.00
05.04.2019,t3pa,24.17,3209000.00
08.04.2019,t3pa,24.07,2495000.00
09.04.2019,t3pa,25.20,2495000.00
10.04.2019,t3pa,26.21,4428500.00
11.04.2019,t3pa,25.88,2495000.00
12.04.2019,t3pa,26.72,3209000.00
15.04.2019,t3pa,27.00,2495000.00
16.04.2019,t3pa,26.80,2495000.00
18.04.2019,t3pa,26.92,2495000.00
23.04.2019,t3pa,27.17,2495000.00
24.04.2019,t3pa,27.02,4428500.00
25.04.2019,t3pa,27.46,2495000.00
26.04.2019,t3pa,26.79,3209000.00
29.04.2019,t3pa,25.81,2495000.00
30.04.2019,t3pa,25.85,2495000.00
02.05.2019,t3pa,25.04,2495000.00
03.05.2019,t3pa,24.32,3209000.00
07.05.2019,t3pa,25.65,2495000.00
08.05.2019,t3pa,25.82,4428500.00
09.05.2019,t3pa,26.81,2495000.00
10.05.2019,t3pa,26.35,3209000.00
13.05.2019,t3pa,25.25,2495000.00
14.05.2019,t3pa,25.03,2495000.00
16.05.2019,t3pa,25.81,2495000.00
17.05.2019,t3pa,25.01,3209000.00
20.05.2019,t3pa,24.91,2495000.00
21.05.2019,t3pa,25.01,2495000.00
22.05.2019,t3pa,25.40,4428500.00
23.05.2019,t3pa,26.05,2495000.00
24.05.2019,t3pa,25.61,3209000.00
28.05.2019,t3pa,25.30,2495000.00
03.06.2019,t3pa,23.96,2775500.00
04.06.2019,t3pa,23.86,2775500.00
05.06.2019,t3pa,24.42,4428500.00
06.06.2019,t3pa,24.07,2775500.00
07.06.2019,t3pa,24.24,3209000.00
11.06.2019,t3pa,25.12,2775500.00
13.06.2019,t3pa,24.92,2775500.00
14.06.2019,t3pa,24.67,3209000.00
17.06.2019,t3pa,24.78,2775500.00
18.06.2019,t3pa,24.98,2775500.00
19.06.2019,t3pa,24.98,4428500.00
20.06.2019,t3pa,24.86,2775500.00
21.06.2019,t3pa,24.87,3209000.00
24.06.2019,t3pa,25.64,2775500.00
27.06.2019,t3pa,27.10,3469000.00
28.06.2019,t3pa,26.40,3209000.00
01.07.2019,t3pa,26.72,3469000.00
02.07.2019,t3pa,27.22,3469000.00
03.07.2019,t3pa,26.33,4428500.00
04.07.2019,t3pa,26.22,3470500.00
05.07.2019,t3pa,25.84,3209000.00
08.07.2019,t3pa,26.60,2775500.00
09.07.2019,t3pa,26.68,2775500.00
11.07.2019,t3pa,28.50,2775500.00
12.07.2019,t3pa,28.25,3209000.00
15.07.2019,t3pa,29.15,2775500.00
16.07.2019,t3pa,29.10,2775000.00
17.07.2019,t3pa,27.97,4428500.00
18.07.2019,t3pa,27.99,2775000.00
19.07.2019,t3pa,28.15,3209000.00
22.07.2019,t3pa,28.96,2775000.00
23.07.2019,t3pa,29.05,2775000.00
25.07.2019,t3pa,29.46,2775000.00
26.07.2019,t3pa,28.51,3209000.00
29.07.2019,t3pa,28.80,2775000.00
30.07.2019,t3pa,28.18,2775000.00
31.07.2019,t3pa,28.04,4428500.00
01.08.2019,t3pa,28.90,1387500.00
02.08.2019,t3pa,29.10,1604500.00
05.08.2019,t3pa,28.82,1387500.00
06.08.2019,t3pa,28.48,1387500.00
08.08.2019,t3pa,28.68,1387500.00
09.08.2019,t3pa,28.37,1604500.00
12.08.2019,t3pa,27.70,1387500.00
13.08.2019,t3pa,27.10,1387500.00
14.08.2019,t3pa,27.15,2214500.00
15.08.2019,t3pa,26.41,1387500.00
16.08.2019,t3pa,26.12,1604500.00
19.08.2019,t3pa,26.25,1387500.00
20.08.2019,t3pa,26.94,1387500.00
22.08.2019,t3pa,25.78,1387500.00
23.08.2019,t3pa,25.33,1604500.00
27.08.2019,t3pa,25.25,1387500.00
28.08.2019,t3pa,26.00,2214500.00
29.08.2019,t3pa,25.93,1505500.00
30.08.2019,t3pa,26.80,1604500.00
02.09.2019,t3pa,25.40,2744500.00
03.09.2019,t3pa,24.82,2744500.00
06.09.2019,t3pa,25.46,2834500.00
09.09.2019,t3pa,25.01,2744500.00
10.09.2019,t3pa,25.50,2744500.00
11.09.2019,t3pa,26.68,4714500.00
12.09.2019,t3pa,26.55,2744500.00
13.09.2019,t3pa,26.22,2834500.00
16.09.2019,t3pa,26.58,2744500.00
17.09.2019,t3pa,26.75,2744500.00
19.09.2019,t3pa,25.56,2744500.00
20.09.2019,t3pa,26.17,2834500.00
23.09.2019,t3pa,25.93,2744500.00
24.09.2019,t3pa,25.59,2744500.00
25.09.2019,t3pa,25.17,4714500.00
26.09.2019,t3pa,25.21,2744500.00
27.09.2019,t3pa,25.30,2834500.00
30.09.2019,t3pa,25.03,2744500.00
01.10.2019,t3pa,24.40,2744500.00
03.10.2019,t3pa,24.03,2744500.00
04.10.2019,t3pa,23.41,2834500.00
07.10.2019,t3pa,22.77,2744500.00
08.10.2019,t3pa,23.37,2744500.00
09.10.2019,t3pa,22.16,4714500.00
10.10.2019,t3pa,22.83,2744500.00
11.10.2019,t3pa,23.62,2834500.00
14.10.2019,t3pa,23.82,2744500.00
15.10.2019,t3pa,24.48,2744500.00
17.10.2019,t3pa,25.96,2744500.00
18.10.2019,t3pa,25.64,2834500.00
21.10.2019,t3pa,25.90,2744500.00
22.10.2019,t3pa,25.70,2744500.00
23.10.2019,t3pa,25.09,4714500.00
24.10.2019,t3pa,24.61,2744500.00
25.10.2019,t3pa,24.86,2834500.00
28.10.2019,t3pa,24.68,2744000.00
29.10.2019,t3pa,25.40,2744000.00
31.10.2019,t3pa,25.95,2744000.00
01.11.2019,t3pa,25.71,2834500.00
04.11.2019,t3pa,24.93,2744000.00
05.11.2019,t3pa,25.80,2744000.00
06.11.2019,t3pa,25.10,4714500.00
07.11.2019,t3pa,24.86,2744000.00
08.11.2019,t3pa,24.62,2834500.00
11.11.2019,t3pa,25.21,2744000.00
12.11.2019,t3pa,24.95,2744000.00
14.11.2019,t3pa,24.28,2744000.00
15.11.2019,t3pa,23.41,2834500.00
18.11.2019,t3pa,23.41,2744000.00
19.11.2019,t3pa,23.62,2744000.00
20.11.2019,t3pa,23.34,4714500.00
21.11.2019,t3pa,23.96,2744000.00
22.11.2019,t3pa,24.32,2834500.00
25.11.2019,t3pa,24.52,2744000.00
26.11.2019,t3pa,24.29,2744000.00
28.11.2019,t3pa,24.91,2744000.00
29.11.2019,t3pa,25.03,2834500.00
02.12.2019,t3pa,24.62,2744000.00
03.12.2019,t3pa,24.41,2744000.00
04.12.2019,t3pa,24.10,4717500.00
05.12.2019,t3pa,24.50,2744000.00
06.12.2019,t3pa,24.70,2834500.00
09.12.2019,t3pa,24.40,2744000.00
10.12.2019,t3pa,24.98,2744000.00
12.12.2019,t3pa,24.62,2744000.00
13.12.2019,t3pa,25.33,2840000.00
16.12.2019,t3pa,24.21,3013000.00
07.01.2020,t3pa,24.06,2717500.00
09.01.2020,t3pa,24.01,2717500.00
10.01.2020,t3pa,24.48,2363000.00
13.01.2020,t3pa,24.03,2717500.00
14.01.2020,t3pa,23.74,2717500.00
15.01.2020,t3pa,24.20,5332000.00
16.01.2020,t3pa,24.85,2717500.00
17.01.2020,t3pa,25.01,2363000.00
20.01.2020,t3pa,25.60,2717500.00
21.01.2020,t3pa,25.10,2717500.00
23.01.2020,t3pa,24.65,2717500.00
24.01.2020,t3pa,24.48,2363000.00
27.01.2020,t3pa,24.04,2717500.00
28.01.2020,t3pa,24.55,2717500.00
29.01.2020,t3pa,24.04,5332000.00
30.01.2020,t3pa,23.74,2717500.00
31.01.2020,t3pa,23.48,2363000.00
03.02.2020,t3pa,23.20,2717500.00
04.02.2020,t3pa,23.33,2717500.00
06.02.2020,t3pa,23.40,2717500.00
07.02.2020,t3pa,23.17,2363000.00
10.02.2020,t3pa,22.91,2717500.00
11.02.2020,t3pa,23.15,2717500.00
12.02.2020,t3pa,23.35,5332000.00
13.02.2020,t3pa,23.52,2717500.00
14.02.2020,t3pa,24.27,2363000.00
17.02.2020,t3pa,24.11,2717500.00
18.02.2020,t3pa,24.80,2717500.00
20.02.2020,t3pa,25.50,2717500.00
21.02.2020,t3pa,25.15,2363000.00
24.02.2020,t3pa,24.64,2717500.00
25.02.2020,t3pa,24.32,2717500.00
26.02.2020,t3pa,23.85,5332000.00
27.02.2020,t3pa,23.80,2717500.00
28.02.2020,t3pa,23.46,2363000.00
02.03.2020,t3pa,23.96,2717500.00
03.03.2020,t3pa,23.26,2717500.00
05.03.2020,t3pa,23.90,2717500.00
06.03.2020,t3pa,23.36,2363000.00
09.03.2020,t3pa,22.65,2717500.00
10.03.2020,t3pa,23.76,2717500.00
11.03.2020,t3pa,23.63,5332000.00
12.03.2020,t3pa,22.85,2717500.00
13.03.2020,t3pa,22.78,2363000.00
16.03.2020,t3pa,20.64,2717500.00
19.03.2020,t3pa,16.03,3396500.00
20.03.2020,t3pa,16.35,2363000.00
23.03.2020,t3pa,14.60,3396500.00
24.03.2020,t3pa,16.25,3396500.00
25.03.2020,t3pa,16.95,5332000.00
26.03.2020,t3pa,16.30,3398000.00
27.03.2020,t3pa,16.55,2363000.00
30.03.2020,t3pa,16.32,2717500.00
31.03.2020,t3pa,17.40,2717500.00
02.04.2020,t3pa,17.52,2717500.00
03.04.2020,t3pa,17.90,2363000.00
06.04.2020,t3pa,18.36,2717500.00
07.04.2020,t3pa,21.11,2717500.00
08.04.2020,t3pa,20.07,5332000.00
09.04.2020,t3pa,21.40,2717500.00
14.04.2020,t3pa,20.17,2717500.00
16.04.2020,t3pa,20.10,2717500.00
17.04.2020,t3pa,21.87,2363000.00
20.04.2020,t3pa,21.24,2717000.00
21.04.2020,t3pa,20.40,2717000.00
22.04.2020,t3pa,19.75,5332000.00
23.04.2020,t3pa,20.24,2717000.00
24.04.2020,t3pa,20.49,2363000.00
27.04.2020,t3pa,20.40,2717000.00
28.04.2020,t3pa,19.99,2717000.00
30.04.2020,t3pa,19.97,2717000.00
05.05.2020,t3pa,19.01,2717000.00
06.05.2020,t3pa,18.85,5332000.00
07.05.2020,t3pa,19.00,2717000.00
08.05.2020,t3pa,19.38,2363000.00
11.05.2020,t3pa,18.81,2717000.00
12.05.2020,t3pa,18.72,2717000.00
14.05.2020,t3pa,18.37,2717000.00
15.05.2020,t3pa,19.02,2363000.00
18.05.2020,t3pa,19.30,2717000.00
19.05.2020,t3pa,20.02,2717000.00
20.05.2020,t3pa,20.11,5332000.00
26.05.2020,t3pa,21.45,2717000.00
28.05.2020,t3pa,20.95,2717000.00
29.05.2020,t3pa,21.70,2363000.00
02.06.2020,t3pa,21.15,2717000.00
03.06.2020,t3pa,21.98,5332000.00
04.06.2020,t3pa,21.77,2717000.00
05.06.2020,t3pa,22.50,2363000.00
08.06.2020,t3pa,22.66,2717000.00
09.06.2020,t3pa,22.30,2717000.00
11.06.2020,t3pa,22.20,2717000.00
12.06.2020,t3pa,22.15,2363000.00
15.06.2020,t3pa,21.80,2717000.00
16.06.2020,t3pa,22.87,2717000.00
17.06.2020,t3pa,22.81,5332000.00
18.06.2020,t3pa,23.63,2717000.00
19.06.2020,t3pa,24.18,2363000.00
22.06.2020,t3pa,24.15,2717000.00
23.06.2020,t3pa,24.85,2717000.00
25.06.2020,t3pa,25.15,2717000.00
26.06.2020,t3pa,24.90,2363000.00
29.06.2020,t3pa,24.74,2717000.00
30.06.2020,t3pa,25.99,2717000.00
01.07.2020,t3pa,26.88,5332000.00
02.07.2020,t3pa,27.25,2717000.00
03.07.2020,t3pa,27.00,2363000.00
06.07.2020,t3pa,28.86,2717000.00
07.07.2020,t3pa,29.34,2717000.00
09.07.2020,t3pa,28.48,2717000.00
10.07.2020,t3pa,27.66,2363000.00
13.07.2020,t3pa,30.04,2717000.00
14.07.2020,t3pa,29.20,2717000.00
15.07.2020,t3pa,29.81,5332000.00
16.07.2020,t3pa,28.13,3594000.00
17.07.2020,t3pa,26.85,2363000.00
20.07.2020,t3pa,26.85,3594000.00
21.07.2020,t3pa,26.34,3594000.00
23.07.2020,t3pa,26.76,3594000.00
24.07.2020,t3pa,26.57,2363000.00
27.07.2020,t3pa,25.53,3594000.00
28.07.2020,t3pa,25.03,3594000.00
29.07.2020,t3pa,25.96,5332000.00
30.07.2020,t3pa,25.34,3594000.00
31.07.2020,t3pa,26.30,2363000.00
03.08.2020,t3pa,25.81,1797000.00
04.08.2020,t3pa,25.95,1797000.00
06.08.2020,t3pa,26.95,1797000.00
07.08.2020,t3pa,26.16,1181500.00
10.08.2020,t3pa,26.92,1797000.00
11.08.2020,t3pa,26.71,1797000.00
12.08.2020,t3pa,25.55,2666000.00
13.08.2020,t3pa,25.94,1797000.00
14.08.2020,t3pa,25.25,1181500.00
17.08.2020,t3pa,25.42,1797000.00
18.08.2020,t3pa,26.05,1797000.00
20.08.2020,t3pa,25.70,1797000.00
21.08.2020,t3pa,25.36,1181500.00
24.08.2020,t3pa,26.60,1797000.00
25.08.2020,t3pa,27.33,1797000.00
26.08.2020,t3pa,28.42,2668500.00
27.08.2020,t3pa,28.03,1901000.00
28.08.2020,t3pa,29.50,1187000.00
01.09.2020,t3pa,28.28,3952000.00
04.09.2020,t3pa,28.80,2593000.00
07.09.2020,t3pa,26.90,3952000.00
08.09.2020,t3pa,27.25,3952000.00
09.09.2020,t3pa,26.45,6398500.00
10.09.2020,t3pa,27.46,3952000.00
11.09.2020,t3pa,28.05,2593000.00
14.09.2020,t3pa,28.66,3952000.00
15.09.2020,t3pa,29.99,3952000.00
17.09.2020,t3pa,29.10,3952000.00
18.09.2020,t3pa,28.36,2593000.00
21.09.2020,t3pa,27.12,3952000.00
22.09.2020,t3pa,26.75,3952000.00
23.09.2020,t3pa,27.31,6398500.00
24.09.2020,t3pa,26.28,3952000.00
25.09.2020,t3pa,26.20,2593000.00
28.09.2020,t3pa,26.28,3952000.00
29.09.2020,t3pa,27.09,3952000.00
01.10.2020,t3pa,26.41,3952000.00
02.10.2020,t3pa,26.11,2593000.00
05.10.2020,t3pa,26.79,3952000.00
06.10.2020,t3pa,26.68,3952000.00
07.10.2020,t3pa,27.43,6398500.00
08.10.2020,t3pa,26.40,3952000.00
09.10.2020,t3pa,26.00,2593000.00
12.10.2020,t3pa,25.54,3952000.00
13.10.2020,t3pa,25.30,3952000.00
15.10.2020,t3pa,25.15,3952000.00
16.10.2020,t3pa,25.46,2593000.00
19.10.2020,t3pa,24.85,3952000.00
20.10.2020,t3pa,24.44,3952000.00
21.10.2020,t3pa,23.96,6398500.00
22.10.2020,t3pa,23.60,3952000.00
23.10.2020,t3pa,24.92,2593000.00
26.10.2020,t3pa,24.33,3952000.00
27.10.2020,t3pa,23.55,3952000.00
29.10.2020,t3pa,23.07,3951500.00
30.10.2020,t3pa,23.45,2593000.00
02.11.2020,t3pa,23.02,3951500.00
03.11.2020,t3pa,24.40,3951500.00
04.11.2020,t3pa,23.99,6398500.00
05.11.2020,t3pa,25.55,3951500.00
06.11.2020,t3pa,25.20,2593000.00
09.11.2020,t3pa,25.41,3951500.00
10.11.2020,t3pa,26.47,3951500.00
12.11.2020,t3pa,25.90,3951500.00
13.11.2020,t3pa,26.31,2593000.00
16.11.2020,t3pa,26.67,3951500.00
17.11.2020,t3pa,27.12,3951500.00
18.11.2020,t3pa,27.42,6398500.00
19.11.2020,t3pa,26.72,3951500.00
20.11.2020,t3pa,26.80,2593000.00
23.11.2020,t3pa,27.25,3951500.00
24.11.2020,t3pa,26.97,3951500.00
26.11.2020,t3pa,27.77,3951500.00
27.11.2020,t3pa,28.23,2593000.00
30.11.2020,t3pa,28.82,3951500.00
01.12.2020,t3pa,29.24,3951500.00
02.12.2020,t3pa,28.90,6398500.00
03.12.2020,t3pa,29.10,3951500.00
04.12.2020,t3pa,30.00,2593000.00
07.12.2020,t3pa,29.49,3951500.00
08.12.2020,t3pa,29.69,3951500.00
10.12.2020,t3pa,30.04,3951500.00
11.12.2020,t3pa,30.45,2598500.00
14.12.2020,t3pa,30.92,3959500.00
29.01.2021,t3pa,33.51,2651000.00
01.02.2021,t3pa,32.66,3288500.00
02.02.2021,t3pa,33.20,3288500.00
03.02.2021,t3pa,38.00,2575000.00
04.02.2021,t3pa,36.51,3288500.00
05.02.2021,t3pa,37.61,2651000.00
08.02.2021,t3pa,38.62,3288500.00
09.02.2021,t3pa,37.58,3288500.00
10.02.2021,t3pa,37.70,2575000.00
11.02.2021,t3pa,39.62,3288500.00
12.02.2021,t3pa,37.80,2651000.00
15.02.2021,t3pa,39.82,3288500.00
16.02.2021,t3pa,40.19,3288500.00
17.02.2021,t3pa,38.42,2575000.00
18.02.2021,t3pa,38.01,3288500.00
19.02.2021,t3pa,38.36,2651000.00
22.02.2021,t3pa,36.84,3288500.00
23.02.2021,t3pa,37.50,3288500.00
24.02.2021,t3pa,38.42,2575000.00
25.02.2021,t3pa,38.88,3288500.00
26.02.2021,t3pa,37.51,2651000.00
01.03.2021,t3pa,37.66,3288500.00
02.03.2021,t3pa,37.25,3288500.00
03.03.2021,t3pa,37.56,2575000.00
04.03.2021,t3pa,36.90,3288500.00
05.03.2021,t3pa,38.08,2651000.00
08.03.2021,t3pa,38.41,3288500.00
09.03.2021,t3pa,39.40,3288500.00
10.03.2021,t3pa,41.00,2575000.00
11.03.2021,t3pa,40.92,3288500.00
12.03.2021,t3pa,41.52,2651000.00
15.03.2021,t3pa,42.84,3288500.00
16.03.2021,t3pa,41.92,3288500.00
17.03.2021,t3pa,41.52,2575000.00
18.03.2021,t3pa,43.35,3288500.00
19.03.2021,t3pa,41.91,2651000.00
22.03.2021,t3pa,41.80,3288500.00
23.03.2021,t3pa,41.77,3288500.00
24.03.2021,t3pa,40.94,2575000.00
25.03.2021,t3pa,40.69,3290000.00
26.03.2021,t3pa,40.86,2651000.00
29.03.2021,t3pa,40.71,3288500.00
30.03.2021,t3pa,42.25,3288500.00
31.03.2021,t3pa,42.26,2575000.00
01.04.2021,t3pa,42.04,3288500.00
06.04.2021,t3pa,43.05,3288500.00
07.04.2021,t3pa,43.63,2575000.00
08.04.2021,t3pa,43.45,3288500.00
09.04.2021,t3pa,43.18,2651000.00
12.04.2021,t3pa,43.86,3288500.00
13.04.2021,t3pa,44.10,3288500.00
14.04.2021,t3pa,43.90,2575000.00
15.04.2021,t3pa,43.99,3288500.00
16.04.2021,t3pa,44.50,2651000.00
19.04.2021,t3pa,44.66,3288500.00
20.04.2021,t3pa,44.20,3288500.00
21.04.2021,t3pa,44.85,2575000.00
22.04.2021,t3pa,46.60,3288500.00
23.04.2021,t3pa,46.41,2651000.00
26.04.2021,t3pa,47.24,3288500.00
27.04.2021,t3pa,46.55,3288500.00
28.04.2021,t3pa,48.00,2575000.00
29.04.2021,t3pa,47.25,3288500.00
30.04.2021,t3pa,47.68,2651000.00
04.05.2021,t3pa,49.33,3288500.00
05.05.2021,t3pa,48.62,2575000.00
06.05.2021,t3pa,49.45,3288500.00
07.05.2021,t3pa,49.46,2651000.00
10.05.2021,t3pa,51.81,3288500.00
11.05.2021,t3pa,51.59,3288500.00
12.05.2021,t3pa,53.95,2575000.00
17.05.2021,t3pa,55.57,3288500.00
18.05.2021,t3pa,55.53,3288500.00
19.05.2021,t3pa,52.12,2575000.00
20.05.2021,t3pa,50.84,3288500.00
21.05.2021,t3pa,52.71,2651000.00
25.05.2021,t3pa,53.09,3288500.00
26.05.2021,t3pa,54.07,2575000.00
27.05.2021,t3pa,52.11,3288500.00
28.05.2021,t3pa,51.08,2651000.00
01.06.2021,t3pa,52.58,3288500.00
02.06.2021,t3pa,51.50,2575000.00
03.06.2021,t3pa,51.90,3288500.00
04.06.2021,t3pa,49.55,2651000.00
07.06.2021,t3pa,48.56,3288500.00
08.06.2021,t3pa,52.03,3288500.00
09.06.2021,t3pa,53.70,2575000.00
10.06.2021,t3pa,53.30,3288500.00
11.06.2021,t3pa,53.12,2651000.00
14.06.2021,t3pa,53.60,3288500.00
15.06.2021,t3pa,51.18,3288500.00
16.06.2021,t3pa,50.83,2575000.00
17.06.2021,t3pa,50.84,3288500.00
18.06.2021,t3pa,51.51,2651000.00
21.06.2021,t3pa,52.09,3288500.00
22.06.2021,t3pa,52.97,3288500.00
23.06.2021,t3pa,53.62,2575000.00
24.06.2021,t3pa,54.85,3288500.00
25.06.2021,t3pa,55.69,2651000.00
28.06.2021,t3pa,55.06,3288500.00
29.06.2021,t3pa,55.39,3290000.00
30.06.2021,t3pa,55.57,2575000.00
01.07.2021,t3pa,58.01,3288500.00
02.07.2021,t3pa,57.11,2651000.00
05.07.2021,t3pa,57.91,3288500.00
06.07.2021,t3pa,57.15,3288500.00
07.07.2021,t3pa,53.98,2575000.00
08.07.2021,t3pa,51.09,3288500.00
09.07.2021,t3pa,53.85,2651000.00
12.07.2021,t3pa,52.50,3288500.00
13.07.2021,t3pa,52.44,3288500.00
14.07.2021,t3pa,52.00,2575000.00
15.07.2021,t3pa,52.28,3288500.00
16.07.2021,t3pa,53.33,2651000.00
19.07.2021,t3pa,53.55,3288500.00
20.07.2021,t3pa,51.74,3288500.00
21.07.2021,t3pa,51.70,2575000.00
22.07.2021,t3pa,51.44,3288500.00
23.07.2021,t3pa,50.13,2651000.00
26.07.2021,t3pa,51.79,3288500.00
27.07.2021,t3pa,52.80,3288500.00
28.07.2021,t3pa,53.45,2575000.00
29.07.2021,t3pa,54.02,3288500.00
30.07.2021,t3pa,53.00,2651000.00
02.08.2021,t3pa,54.60,1644500.00
03.08.2021,t3pa,54.17,1644500.00
04.08.2021,t3pa,55.00,1287500.00
05.08.2021,t3pa,54.84,1644500.00
06.08.2021,t3pa,56.72,1325500.00
09.08.2021,t3pa,56.00,1644500.00
10.08.2021,t3pa,57.10,1644500.00
11.08.2021,t3pa,56.69,1287500.00
12.08.2021,t3pa,57.36,1644500.00
13.08.2021,t3pa,55.60,1325500.00
16.08.2021,t3pa,57.18,1644500.00
17.08.2021,t3pa,57.40,1644500.00
18.08.2021,t3pa,57.70,1287500.00
19.08.2021,t3pa,55.81,1644500.00
20.08.2021,t3pa,54.40,1325500.00
23.08.2021,t3pa,55.95,1644500.00
24.08.2021,t3pa,55.72,1644500.00
25.08.2021,t3pa,56.63,1300500.00
26.08.2021,t3pa,55.61,1644500.00
27.08.2021,t3pa,57.51,1328500.00
31.08.2021,t3pa,60.11,1759500.00
01.09.2021,t3pa,61.29,2066500.00
03.09.2021,t3pa,61.25,1805000.00
06.09.2021,t3pa,62.87,2515500.00
07.09.2021,t3pa,61.71,2515500.00
08.09.2021,t3pa,61.93,2066500.00
09.09.2021,t3pa,61.98,2515500.00
10.09.2021,t3pa,61.85,1805000.00
13.09.2021,t3pa,61.91,2515500.00
14.09.2021,t3pa,61.51,2515500.00
15.09.2021,t3pa,60.32,2066500.00
16.09.2021,t3pa,59.89,2515500.00
17.09.2021,t3pa,59.60,1805000.00
20.09.2021,t3pa,58.56,2524000.00
21.09.2021,t3pa,60.31,2515500.00
22.09.2021,t3pa,60.02,2066500.00
23.09.2021,t3pa,59.45,2515500.00
24.09.2021,t3pa,61.24,1805000.00
27.09.2021,t3pa,64.00,2515500.00
28.09.2021,t3pa,65.00,2515500.00
29.09.2021,t3pa,61.83,2066500.00
30.09.2021,t3pa,61.37,2515500.00
01.10.2021,t3pa,62.04,1805000.00
04.10.2021,t3pa,63.56,2515500.00
05.10.2021,t3pa,63.66,2515500.00
06.10.2021,t3pa,61.36,2066500.00
07.10.2021,t3pa,58.99,2515500.00
08.10.2021,t3pa,59.92,1805000.00
11.10.2021,t3pa,59.33,2515500.00
12.10.2021,t3pa,58.86,2515500.00
13.10.2021,t3pa,59.63,2066500.00
14.10.2021,t3pa,59.43,2515500.00
15.10.2021,t3pa,61.01,1805000.00
18.10.2021,t3pa,58.85,2515500.00
19.10.2021,t3pa,57.58,2515500.00
20.10.2021,t3pa,56.00,2066500.00
21.10.2021,t3pa,57.10,2515500.00
22.10.2021,t3pa,59.50,1805000.00
25.10.2021,t3pa,58.94,2515500.00
26.10.2021,t3pa,58.96,2515500.00
27.10.2021,t3pa,58.92,2066500.00
28.10.2021,t3pa,58.93,2515500.00
29.10.2021,t3pa,59.40,1805000.00
01.11.2021,t3pa,59.98,2515500.00
02.11.2021,t3pa,57.80,2515500.00
03.11.2021,t3pa,59.78,2066500.00
04.11.2021,t3pa,59.81,2515500.00
05.11.2021,t3pa,61.05,1805000.00
08.11.2021,t3pa,60.06,2515500.00
09.11.2021,t3pa,60.11,2515500.00
10.11.2021,t3pa,60.25,2066500.00
11.11.2021,t3pa,62.31,2515500.00
12.11.2021,t3pa,63.53,1805000.00
15.11.2021,t3pa,64.40,2515500.00
16.11.2021,t3pa,67.50,2515500.00
17.11.2021,t3pa,67.14,2066500.00
18.11.2021,t3pa,66.51,2515500.00
19.11.2021,t3pa,69.21,1805000.00
22.11.2021,t3pa,69.70,2515500.00
23.11.2021,t3pa,69.88,2515500.00
24.11.2021,t3pa,69.51,2066500.00
25.11.2021,t3pa,72.15,2515500.00
26.11.2021,t3pa,71.95,1805000.00
29.11.2021,t3pa,74.48,2515500.00
30.11.2021,t3pa,74.82,2515500.00
01.12.2021,t3pa,76.38,2066500.00
02.12.2021,t3pa,77.10,2515500.00
03.12.2021,t3pa,78.76,1805000.00
06.12.2021,t3pa,80.00,2515500.00
07.12.2021,t3pa,82.87,2515500.00
08.12.2021,t3pa,87.45,2066500.00
09.12.2021,t3pa,84.93,2515500.00
10.12.2021,t3pa,79.83,1805000.00
13.12.2021,t3pa,85.00,2515500.00
14.12.2021,t3pa,79.99,2515500.00
15.12.2021,t3pa,79.29,2074000.00
16.12.2021,t3pa,80.50,2515500.00
17.12.2021,t3pa,82.25,1807500.00
20.12.2021,t3pa,74.57,2542500.00
10.01.2022,t3pa,82.71,2449000.00
11.01.2022,t3pa,81.90,2449000.00
13.01.2022,t3pa,79.05,2449000.00
14.01.2022,t3pa,81.52,1944000.00
17.01.2022,t3pa,80.21,2449000.00
18.01.2022,t3pa,79.22,2449000.00
19.01.2022,t3pa,80.70,2658000.00
20.01.2022,t3pa,80.80,2449000.00
21.01.2022,t3pa,84.03,1944000.00
24.01.2022,t3pa,85.75,2449000.00
25.01.2022,t3pa,84.48,2449000.00
27.01.2022,t3pa,88.51,2449000.00
28.01.2022,t3pa,89.25,1944000.00
31.01.2022,t3pa,88.03,2449000.00
02.02.2022,t3pa,91.61,2658000.00
03.02.2022,t3pa,92.65,3062000.00
04.02.2022,t3pa,94.65,1944000.00
07.02.2022,t3pa,93.50,3062000.00
08.02.2022,t3pa,97.51,3062000.00
10.02.2022,t3pa,90.60,3059000.00
11.02.2022,t3pa,89.98,1944000.00
14.02.2022,t3pa,90.73,2449000.00
15.02.2022,t3pa,90.35,2449000.00
16.02.2022,t3pa,88.05,2658000.00
17.02.2022,t3pa,87.50,2449000.00
18.02.2022,t3pa,87.65,1944000.00
21.02.2022,t3pa,87.99,2449000.00
22.02.2022,t3pa,88.40,2449000.00
23.02.2022,t3pa,92.80,1108500.00
24.02.2022,t3pa,88.00,2449000.00
25.02.2022,t3pa,86.90,1944000.00
28.02.2022,t3pa,80.92,2449000.00
01.03.2022,t3pa,79.96,2449000.00
03.03.2022,t3pa,63.87,2449000.00
04.03.2022,t3pa,67.22,1944000.00
07.03.2022,t3pa,57.91,2449000.00
08.03.2022,t3pa,62.01,2449000.00
10.03.2022,t3pa,70.04,2449000.00
11.03.2022,t3pa,76.50,1944000.00
14.03.2022,t3pa,78.60,2449000.00
15.03.2022,t3pa,75.55,2449000.00
16.03.2022,t3pa,75.25,3322500.00
17.03.2022,t3pa,76.87,2449000.00
18.03.2022,t3pa,79.21,1944000.00
21.03.2022,t3pa,77.76,2506500.00
22.03.2022,t3pa,79.05,2506500.00
24.03.2022,t3pa,76.15,2507500.00
25.03.2022,t3pa,78.50,1944000.00
28.03.2022,t3pa,80.76,2506500.00
29.03.2022,t3pa,80.51,2506500.00
30.03.2022,t3pa,77.22,3322500.00
31.03.2022,t3pa,79.25,2506500.00
01.04.2022,t3pa,78.00,1944000.00
04.04.2022,t3pa,77.50,2506500.00
05.04.2022,t3pa,78.33,2506500.00
07.04.2022,t3pa,77.13,2506500.00
08.04.2022,t3pa,80.21,1944000.00
11.04.2022,t3pa,79.02,2506500.00
12.04.2022,t3pa,77.36,2506500.00
13.04.2022,t3pa,77.27,3322500.00
14.04.2022,t3pa,78.80,2506500.00
19.04.2022,t3pa,79.40,2506500.00
21.04.2022,t3pa,85.90,2506500.00
22.04.2022,t3pa,87.40,1944000.00
25.04.2022,t3pa,85.81,2506500.00
26.04.2022,t3pa,83.43,2506500.00
27.04.2022,t3pa,79.99,3322500.00
28.04.2022,t3pa,80.55,2506500.00
29.04.2022,t3pa,82.86,1944000.00
02.05.2022,t3pa,82.84,2506500.00
03.05.2022,t3pa,84.25,2506500.00
05.05.2022,t3pa,87.80,2506500.00
06.05.2022,t3pa,90.77,1944000.00
09.05.2022,t3pa,90.11,2506500.00
10.05.2022,t3pa,86.50,2506500.00
11.05.2022,t3pa,89.00,2658000.00
12.05.2022,t3pa,86.95,2506500.00
13.05.2022,t3pa,88.75,1944000.00
16.05.2022,t3pa,88.81,2506500.00
17.05.2022,t3pa,90.33,2506500.00
19.05.2022,t3pa,82.28,2506500.00
20.05.2022,t3pa,81.15,1944000.00
23.05.2022,t3pa,78.96,2506500.00
24.05.2022,t3pa,78.88,2506500.00
25.05.2022,t3pa,80.43,2658000.00
30.05.2022,t3pa,83.75,2506500.00
31.05.2022,t3pa,83.63,2506500.00
07.06.2022,t3pa,81.69,2295500.00
08.06.2022,t3pa,79.11,2658000.00
09.06.2022,t3pa,80.21,2295500.00
10.06.2022,t3pa,80.73,1944000.00
13.06.2022,t3pa,80.10,2295500.00
14.06.2022,t3pa,82.31,2295500.00
16.06.2022,t3pa,85.95,2295500.00
17.06.2022,t3pa,83.00,1944000.00
20.06.2022,t3pa,83.51,2295500.00
21.06.2022,t3pa,84.26,2295500.00
22.06.2022,t3pa,83.06,2658000.00
23.06.2022,t3pa,81.07,2295500.00
24.06.2022,t3pa,82.90,1944000.00
27.06.2022,t3pa,83.01,2295500.00
28.06.2022,t3pa,84.54,2296500.00
30.06.2022,t3pa,88.02,2295500.00
01.07.2022,t3pa,88.22,1944000.00
04.07.2022,t3pa,84.34,2295500.00
05.07.2022,t3pa,83.38,2295500.00
06.07.2022,t3pa,82.63,2658000.00
07.07.2022,t3pa,83.36,2295500.00
08.07.2022,t3pa,82.63,1944000.00
11.07.2022,t3pa,83.40,2295500.00
12.07.2022,t3pa,83.89,2295500.00
14.07.2022,t3pa,83.00,2295500.00
15.07.2022,t3pa,83.71,1944000.00
18.07.2022,t3pa,83.33,2295500.00
19.07.2022,t3pa,83.61,2295500.00
20.07.2022,t3pa,81.22,2658000.00
21.07.2022,t3pa,77.60,2295500.00
22.07.2022,t3pa,78.06,1944000.00
25.07.2022,t3pa,76.09,2295500.00
26.07.2022,t3pa,76.51,2295500.00
28.07.2022,t3pa,77.08,2295500.00
29.07.2022,t3pa,77.96,1944000.00
01.08.2022,t3pa,79.50,1146500.00
02.08.2022,t3pa,80.51,1146500.00
03.08.2022,t3pa,83.45,1329000.00
04.08.2022,t3pa,83.81,1146500.00
05.08.2022,t3pa,84.50,972000.00
08.08.2022,t3pa,84.60,1146500.00
09.08.2022,t3pa,84.06,1146500.00
11.08.2022,t3pa,86.35,1146500.00
12.08.2022,t3pa,87.30,972000.00
15.08.2022,t3pa,89.50,1146500.00
16.08.2022,t3pa,90.64,1146500.00
17.08.2022,t3pa,94.07,1329000.00
18.08.2022,t3pa,94.00,1146500.00
19.08.2022,t3pa,96.87,972000.00
22.08.2022,t3pa,97.50,1146500.00
23.08.2022,t3pa,92.52,1146500.00
25.08.2022,t3pa,89.30,1146500.00
26.08.2022,t3pa,89.56,982000.00
29.08.2022,t3pa,88.81,1146500.00
30.08.2022,t3pa,85.13,1295500.00
31.08.2022,t3pa,78.96,1334500.00
01.09.2022,t3pa,77.01,2510500.00
02.09.2022,t3pa,78.41,1861500.00
05.09.2022,t3pa,73.75,2510500.00
06.09.2022,t3pa,71.05,2510500.00
09.09.2022,t3pa,65.21,1861500.00
12.09.2022,t3pa,65.96,2510500.00
13.09.2022,t3pa,70.48,2510500.00
14.09.2022,t3pa,68.29,3101500.00
15.09.2022,t3pa,70.84,2510500.00
16.09.2022,t3pa,71.00,1861500.00
19.09.2022,t3pa,71.11,2510500.00
20.09.2022,t3pa,70.38,2510500.00
21.09.2022,t3pa,70.39,929000.00
22.09.2022,t3pa,69.88,2511500.00
23.09.2022,t3pa,67.56,1861500.00
26.09.2022,t3pa,66.02,2510500.00
27.09.2022,t3pa,67.70,2510500.00
28.09.2022,t3pa,64.71,3101500.00
29.09.2022,t3pa,64.70,2510500.00
30.09.2022,t3pa,66.87,1861500.00
03.10.2022,t3pa,64.45,2510500.00
04.10.2022,t3pa,66.17,2510500.00
06.10.2022,t3pa,65.76,2510500.00
07.10.2022,t3pa,67.52,1861500.00
10.10.2022,t3pa,67.01,2510500.00
11.10.2022,t3pa,66.34,2510500.00
12.10.2022,t3pa,65.76,3101500.00
13.10.2022,t3pa,66.65,2510500.00
14.10.2022,t3pa,67.70,1861500.00
17.10.2022,t3pa,66.25,2510500.00
18.10.2022,t3pa,67.11,2510500.00
20.10.2022,t3pa,67.01,2510500.00
21.10.2022,t3pa,67.90,1861500.00
24.10.2022,t3pa,68.02,2510500.00
25.10.2022,t3pa,74.17,2510500.00
26.10.2022,t3pa,76.51,3101500.00
27.10.2022,t3pa,77.10,2510500.00
28.10.2022,t3pa,80.76,1861500.00
31.10.2022,t3pa,78.69,2510500.00
01.11.2022,t3pa,78.76,2510500.00
03.11.2022,t3pa,76.63,2510500.00
04.11.2022,t3pa,78.14,1861500.00
07.11.2022,t3pa,76.75,2510500.00
08.11.2022,t3pa,76.02,2510500.00
09.11.2022,t3pa,75.35,3101500.00
10.11.2022,t3pa,71.62,2510500.00
11.11.2022,t3pa,73.33,1861500.00
14.11.2022,t3pa,74.85,2510500.00
15.11.2022,t3pa,74.93,2510500.00
17.11.2022,t3pa,73.31,2510500.00
18.11.2022,t3pa,72.22,1861500.00
21.11.2022,t3pa,73.36,2510500.00
22.11.2022,t3pa,73.54,2510500.00
23.11.2022,t3pa,74.08,3101500.00
24.11.2022,t3pa,76.64,2510500.00
25.11.2022,t3pa,79.36,1861500.00
28.11.2022,t3pa,77.61,2510500.00
29.11.2022,t3pa,78.88,2510500.00
01.12.2022,t3pa,86.11,2510500.00
02.12.2022,t3pa,85.21,1861500.00
05.12.2022,t3pa,85.69,2510500.00
06.12.2022,t3pa,86.48,2510500.00
07.12.2022,t3pa,87.00,3102500.00
08.12.2022,t3pa,87.91,2510500.00
09.12.2022,t3pa,88.26,1861500.00
12.12.2022,t3pa,88.35,2510500.00
13.12.2022,t3pa,89.01,2510500.00
15.12.2022,t3pa,86.16,2510500.00
16.12.2022,t3pa,83.41,1865500.00
19.12.2022,t3pa,84.10,2568500.00
09.01.2023,t3pa,75.27,2409000.00
10.01.2023,t3pa,78.61,2409000.00
12.01.2023,t3pa,76.80,2409000.00
13.01.2023,t3pa,76.42,1939500.00
16.01.2023,t3pa,75.05,2409000.00
17.01.2023,t3pa,75.04,2409000.00
18.01.2023,t3pa,76.25,2676000.00
19.01.2023,t3pa,82.06,2409000.00
20.01.2023,t3pa,81.01,1939500.00
23.01.2023,t3pa,81.52,2409000.00
24.01.2023,t3pa,80.88,2409000.00
26.01.2023,t3pa,83.51,2409000.00
27.01.2023,t3pa,86.71,1939500.00
30.01.2023,t3pa,85.20,2409000.00
31.01.2023,t3pa,86.68,2409000.00
01.02.2023,t3pa,91.91,2676000.00
02.02.2023,t3pa,93.50,2409000.00
03.02.2023,t3pa,91.15,1939500.00
06.02.2023,t3pa,91.78,2409000.00
07.02.2023,t3pa,87.52,2409000.00
09.02.2023,t3pa,87.36,2409000.00
10.02.2023,t3pa,89.70,1939500.00
13.02.2023,t3pa,88.86,2409000.00
14.02.2023,t3pa,89.96,2409000.00
15.02.2023,t3pa,87.75,2676000.00
16.02.2023,t3pa,92.85,2409000.00
17.02.2023,t3pa,93.69,1939500.00
20.02.2023,t3pa,93.73,2409000.00
21.02.2023,t3pa,95.35,2409000.00
23.02.2023,t3pa,93.26,2409000.00
24.02.2023,t3pa,95.83,1939500.00
27.02.2023,t3pa,95.12,2409000.00
28.02.2023,t3pa,96.33,2409000.00
01.03.2023,t3pa,95.89,2676000.00
02.03.2023,t3pa,93.25,2409000.00
03.03.2023,t3pa,88.81,1939500.00
06.03.2023,t3pa,91.01,2409000.00
07.03.2023,t3pa,91.56,2409000.00
09.03.2023,t3pa,95.43,2409000.00
10.03.2023,t3pa,95.16,1939500.00
13.03.2023,t3pa,94.36,2409000.00
14.03.2023,t3pa,92.34,2409000.00
15.03.2023,t3pa,90.31,2676000.00
16.03.2023,t3pa,83.25,2409000.00
17.03.2023,t3pa,86.50,1939500.00
20.03.2023,t3pa,82.46,2409000.00
21.03.2023,t3pa,87.14,2409000.00
23.03.2023,t3pa,88.27,2410500.00
24.03.2023,t3pa,88.09,1939500.00
27.03.2023,t3pa,85.18,2409000.00
28.03.2023,t3pa,86.54,2409000.00
29.03.2023,t3pa,87.16,2676000.00
30.03.2023,t3pa,87.42,2409000.00
31.03.2023,t3pa,88.61,1939500.00
03.04.2023,t3pa,89.82,2409000.00
04.04.2023,t3pa,94.12,2409000.00
06.04.2023,t3pa,94.30,2409000.00
11.04.2023,t3pa,95.52,2409000.00
12.04.2023,t3pa,93.90,2676000.00
13.04.2023,t3pa,90.51,2409000.00
14.04.2023,t3pa,92.30,1939500.00
17.04.2023,t3pa,90.55,2409000.00
18.04.2023,t3pa,90.55,2409000.00
20.04.2023,t3pa,90.68,2409000.00
21.04.2023,t3pa,88.60,1939500.00
24.04.2023,t3pa,85.70,2409000.00
25.04.2023,t3pa,84.73,2409000.00
26.04.2023,t3pa,83.31,2676000.00
27.04.2023,t3pa,85.00,2409000.00
28.04.2023,t3pa,84.00,1939500.00
02.05.2023,t3pa,83.24,2409000.00
04.05.2023,t3pa,82.23,2409000.00
05.05.2023,t3pa,84.38,1939500.00
08.05.2023,t3pa,82.99,2409000.00
09.05.2023,t3pa,83.84,2409000.00
10.05.2023,t3pa,85.85,2676000.00
11.05.2023,t3pa,86.75,2409000.00
12.05.2023,t3pa,86.67,1939500.00
15.05.2023,t3pa,85.70,2409000.00
16.05.2023,t3pa,85.05,2409000.00
22.05.2023,t3pa,85.20,2409000.00
23.05.2023,t3pa,84.32,2409000.00
24.05.2023,t3pa,83.00,2676000.00
25.05.2023,t3pa,81.12,2409000.00
26.05.2023,t3pa,81.11,1939500.00
30.05.2023,t3pa,79.79,2409000.00
01.06.2023,t3pa,78.62,2409000.00
02.06.2023,t3pa,78.20,1939500.00
05.06.2023,t3pa,78.55,2409000.00
06.06.2023,t3pa,80.07,2409000.00
07.06.2023,t3pa,78.25,2676000.00
08.06.2023,t3pa,81.54,2409000.00
09.06.2023,t3pa,83.11,1939500.00
12.06.2023,t3pa,83.45,2409000.00
13.06.2023,t3pa,86.44,2409000.00
15.06.2023,t3pa,91.67,2409000.00
16.06.2023,t3pa,89.30,1939500.00
19.06.2023,t3pa,90.16,2409000.00
20.06.2023,t3pa,91.55,2409000.00
21.06.2023,t3pa,90.35,2676000.00
22.06.2023,t3pa,87.11,2409000.00
23.06.2023,t3pa,88.90,1939500.00
26.06.2023,t3pa,86.01,2409000.00
27.06.2023,t3pa,85.35,2410000.00
29.06.2023,t3pa,86.60,2409000.00
30.06.2023,t3pa,85.31,1939500.00
03.07.2023,t3pa,87.11,2658000.00
04.07.2023,t3pa,85.00,2658000.00
05.07.2023,t3pa,84.84,2676000.00
06.07.2023,t3pa,84.18,2658000.00
07.07.2023,t3pa,84.82,1939500.00
10.07.2023,t3pa,85.00,2658000.00
11.07.2023,t3pa,83.62,2658000.00
13.07.2023,t3pa,84.25,2658000.00
14.07.2023,t3pa,85.51,1939500.00
17.07.2023,t3pa,84.72,2658000.00
18.07.2023,t3pa,84.90,2658000.00
19.07.2023,t3pa,86.03,2676000.00
20.07.2023,t3pa,87.76,2658000.00
21.07.2023,t3pa,89.36,1939500.00
24.07.2023,t3pa,90.30,2658000.00
25.07.2023,t3pa,90.25,2658000.00
27.07.2023,t3pa,88.02,2658000.00
28.07.2023,t3pa,87.33,1939500.00
31.07.2023,t3pa,86.65,2658000.00
01.08.2023,t3pa,84.69,1329000.00
02.08.2023,t3pa,81.88,1338000.00
03.08.2023,t3pa,83.52,1329000.00
04.08.2023,t3pa,83.33,970000.00
07.08.2023,t3pa,82.28,1329000.00
08.08.2023,t3pa,81.46,1329000.00
10.08.2023,t3pa,82.24,1329000.00
11.08.2023,t3pa,84.20,970000.00
14.08.2023,t3pa,85.34,1329000.00
15.08.2023,t3pa,86.71,1329000.00
16.08.2023,t3pa,87.01,1338000.00
17.08.2023,t3pa,86.84,1329000.00
18.08.2023,t3pa,86.68,970000.00
21.08.2023,t3pa,86.00,1329000.00
22.08.2023,t3pa,87.86,1329000.00
24.08.2023,t3pa,85.51,1329000.00
25.08.2023,t3pa,85.50,976500.00
28.08.2023,t3pa,84.70,1329000.00
29.08.2023,t3pa,84.64,1329000.00
30.08.2023,t3pa,84.57,1344500.00
31.08.2023,t3pa,85.52,1581500.00
01.09.2023,t3pa,84.00,2147000.00
04.09.2023,t3pa,83.42,3035500.00
05.09.2023,t3pa,83.41,3035500.00
08.09.2023,t3pa,82.09,2147000.00
11.09.2023,t3pa,80.98,3035500.00
12.09.2023,t3pa,80.60,3035500.00
13.09.2023,t3pa,80.50,3347500.00
14.09.2023,t3pa,81.69,3035500.00
15.09.2023,t3pa,82.33,2147000.00
18.09.2023,t3pa,80.26,3035500.00
19.09.2023,t3pa,79.50,3035500.00
21.09.2023,t3pa,81.78,3036500.00
22.09.2023,t3pa,84.03,2147000.00
25.09.2023,t3pa,83.92,3035500.00
26.09.2023,t3pa,82.44,3035500.00
27.09.2023,t3pa,81.37,3347500.00
28.09.2023,t3pa,81.90,3035500.00
29.09.2023,t3pa,81.65,2147000.00
02.10.2023,t3pa,80.95,3035500.00
03.10.2023,t3pa,79.17,3035500.00
04.10.2023,t3pa,78.78,1000000.00
05.10.2023,t3pa,80.50,3035500.00
06.10.2023,t3pa,79.95,2147000.00
09.10.2023,t3pa,80.43,3035500.00
10.10.2023,t3pa,81.82,3035500.00
11.10.2023,t3pa,82.68,3347500.00
12.10.2023,t3pa,83.35,3035500.00
13.10.2023,t3pa,84.61,2147000.00
16.10.2023,t3pa,83.40,3035500.00
17.10.2023,t3pa,81.69,3035500.00
19.10.2023,t3pa,79.99,3035500.00
20.10.2023,t3pa,81.19,2147000.00
23.10.2023,t3pa,79.92,3035500.00
24.10.2023,t3pa,80.40,3035500.00
25.10.2023,t3pa,79.85,3347500.00
26.10.2023,t3pa,79.48,3035500.00
27.10.2023,t3pa,79.41,2147000.00
30.10.2023,t3pa,79.78,3035500.00
31.10.2023,t3pa,77.65,3035500.00
02.11.2023,t3pa,77.88,3035500.00
03.11.2023,t3pa,78.35,2147000.00
06.11.2023,t3pa,76.02,3035500.00
07.11.2023,t3pa,75.58,3035500.00
08.11.2023,t3pa,74.56,3347500.00
09.11.2023,t3pa,75.75,3035500.00
10.11.2023,t3pa,76.46,2147000.00
13.11.2023,t3pa,77.01,3035500.00
14.11.2023,t3pa,76.62,3035500.00
16.11.2023,t3pa,79.00,3035500.00
17.11.2023,t3pa,76.55,2147000.00
20.11.2023,t3pa,76.35,3035500.00
21.11.2023,t3pa,75.69,3035500.00
22.11.2023,t3pa,74.84,3347500.00
23.11.2023,t3pa,74.50,3035500.00
24.11.2023,t3pa,75.90,2147000.00
27.11.2023,t3pa,74.57,3035500.00
28.11.2023,t3pa,71.71,3035500.00
30.11.2023,t3pa,70.79,3035500.00
01.12.2023,t3pa,71.45,2147000.00
04.12.2023,t3pa,71.34,3035500.00
05.12.2023,t3pa,69.94,3035500.00
06.12.2023,t3pa,68.71,3350000.00
07.12.2023,t3pa,68.76,3035500.00
08.12.2023,t3pa,69.84,2147000.00
11.12.2023,t3pa,67.82,3035500.00
12.12.2023,t3pa,66.72,3035500.00
14.12.2023,t3pa,68.45,3035500.00
15.12.2023,t3pa,66.60,2151000.00
18.12.2023,t3pa,66.49,3041500.00
15.01.2024,t3pa,63.50,3099500.00
16.01.2024,t3pa,63.20,3099500.00
17.01.2024,t3pa,62.96,2310000.00
18.01.2024,t3pa,61.28,3099500.00
19.01.2024,t3pa,61.93,1796000.00
22.01.2024,t3pa,59.74,3099500.00
23.01.2024,t3pa,60.55,3099500.00
25.01.2024,t3pa,61.95,3099500.00
26.01.2024,t3pa,61.95,1796000.00
29.01.2024,t3pa,60.81,3099500.00
30.01.2024,t3pa,59.82,3099500.00
31.01.2024,t3pa,62.27,2310000.00
01.02.2024,t3pa,61.09,3099500.00
02.02.2024,t3pa,60.92,1796000.00
05.02.2024,t3pa,60.68,3099500.00
06.02.2024,t3pa,60.25,3099500.00
08.02.2024,t3pa,59.85,3099500.00
09.02.2024,t3pa,57.24,1796000.00
12.02.2024,t3pa,55.84,3099500.00
13.02.2024,t3pa,54.24,3099500.00
14.02.2024,t3pa,54.07,2310000.00
15.02.2024,t3pa,54.87,3099500.00
16.02.2024,t3pa,55.12,1796000.00
19.02.2024,t3pa,53.00,3099500.00
20.02.2024,t3pa,51.80,3099500.00
22.02.2024,t3pa,51.55,3099500.00
23.02.2024,t3pa,49.50,1796000.00
26.02.2024,t3pa,50.65,3099500.00
27.02.2024,t3pa,51.12,3099500.00
28.02.2024,t3pa,54.94,2310000.00
29.02.2024,t3pa,54.90,3099500.00
01.03.2024,t3pa,53.60,1796000.00
04.03.2024,t3pa,51.76,3099500.00
05.03.2024,t3pa,59.14,3099500.00
07.03.2024,t3pa,56.94,3099500.00
08.03.2024,t3pa,57.10,1796000.00
11.03.2024,t3pa,54.43,3099500.00
12.03.2024,t3pa,54.21,3099500.00
13.03.2024,t3pa,54.92,2310000.00
14.03.2024,t3pa,54.25,3099500.00
15.03.2024,t3pa,57.75,1796000.00
18.03.2024,t3pa,59.42,3099500.00
19.03.2024,t3pa,59.00,3099500.00
21.03.2024,t3pa,58.00,3104500.00
22.03.2024,t3pa,57.93,1796000.00
25.03.2024,t3pa,62.09,3099500.00
26.03.2024,t3pa,63.25,3099500.00
27.03.2024,t3pa,60.56,2310000.00
28.03.2024,t3pa,59.86,3099500.00
02.04.2024,t3pa,57.07,3099500.00
04.04.2024,t3pa,56.37,3099500.00
05.04.2024,t3pa,57.17,1796000.00
08.04.2024,t3pa,58.41,3099500.00
09.04.2024,t3pa,61.30,3099500.00
10.04.2024,t3pa,63.00,2310000.00
11.04.2024,t3pa,63.42,3099500.00
12.04.2024,t3pa,68.01,1796000.00
15.04.2024,t3pa,68.17,3099500.00
16.04.2024,t3pa,70.61,3099500.00
18.04.2024,t3pa,67.15,3099500.00
19.04.2024,t3pa,67.77,1796000.00
22.04.2024,t3pa,65.10,3099500.00
23.04.2024,t3pa,64.28,3099500.00
24.04.2024,t3pa,65.35,2310000.00
25.04.2024,t3pa,65.08,3099500.00
26.04.2024,t3pa,65.66,1796000.00
29.04.2024,t3pa,63.52,3099500.00
30.04.2024,t3pa,65.26,3099500.00
02.05.2024,t3pa,68.10,3099500.00
03.05.2024,t3pa,71.18,1796000.00
06.05.2024,t3pa,70.30,3099500.00
07.05.2024,t3pa,69.16,3099500.00
08.05.2024,t3pa,68.99,2310000.00
13.05.2024,t3pa,68.48,3099500.00
14.05.2024,t3pa,67.67,3099500.00
16.05.2024,t3pa,68.26,3099500.00
17.05.2024,t3pa,69.46,1796000.00
20.05.2024,t3pa,71.24,3099500.00
21.05.2024,t3pa,71.80,3099500.00
22.05.2024,t3pa,74.31,2310000.00
23.05.2024,t3pa,74.90,3099500.00
24.05.2024,t3pa,72.80,1796000.00
28.05.2024,t3pa,72.90,3099500.00
30.05.2024,t3pa,72.00,3099500.00
31.05.2024,t3pa,74.49,1796000.00
03.06.2024,t3pa,75.35,3099500.00
04.06.2024,t3pa,71.50,3099500.00
05.06.2024,t3pa,70.30,2310000.00
06.06.2024,t3pa,71.00,3099500.00
07.06.2024,t3pa,69.90,1796000.00
10.06.2024,t3pa,67.82,3099500.00
11.06.2024,t3pa,70.31,3099500.00
13.06.2024,t3pa,69.77,3099500.00
14.06.2024,t3pa,68.41,1796000.00
17.06.2024,t3pa,66.66,3099500.00
18.06.2024,t3pa,66.97,3099500.00
19.06.2024,t3pa,67.75,2310000.00
20.06.2024,t3pa,68.61,3104000.00
21.06.2024,t3pa,67.36,1796000.00
24.06.2024,t3pa,66.06,3099500.00
25.06.2024,t3pa,65.94,3099500.00
27.06.2024,t3pa,66.17,3099500.00
28.06.2024,t3pa,65.01,1796000.00
01.07.2024,t3pa,67.83,3099500.00
02.07.2024,t3pa,66.71,3099500.00
03.07.2024,t3pa,68.84,2310000.00
04.07.2024,t3pa,68.71,3099500.00
05.07.2024,t3pa,68.68,1796000.00
08.07.2024,t3pa,70.00,3099500.00
09.07.2024,t3pa,66.87,3099500.00
11.07.2024,t3pa,66.72,3099500.00
12.07.2024,t3pa,67.06,1796000.00
15.07.2024,t3pa,66.63,3099500.00
16.07.2024,t3pa,66.16,3099500.00
17.07.2024,t3pa,66.66,2310000.00
18.07.2024,t3pa,64.96,3099500.00
19.07.2024,t3pa,64.73,1796000.00
22.07.2024,t3pa,64.37,3099500.00
23.07.2024,t3pa,63.67,3099500.00
25.07.2024,t3pa,66.71,3099500.00
26.07.2024,t3pa,66.33,1796000.00
29.07.2024,t3pa,67.17,3099500.00
30.07.2024,t3pa,66.55,3099500.00
31.07.2024,t3pa,67.85,2310000.00
01.08.2024,t3pa,68.07,3099500.00
02.08.2024,t3pa,69.76,1796000.00
05.08.2024,t3pa,67.02,3099500.00
06.08.2024,t3pa,68.65,3099500.00
08.08.2024,t3pa,68.90,3099500.00
09.08.2024,t3pa,70.46,1796000.00
12.08.2024,t3pa,71.15,3099500.00
13.08.2024,t3pa,70.82,3099500.00
14.08.2024,t3pa,70.59,2310000.00
15.08.2024,t3pa,69.85,3099500.00
16.08.2024,t3pa,71.00,1796000.00
19.08.2024,t3pa,71.50,3099500.00
20.08.2024,t3pa,72.40,3099500.00
22.08.2024,t3pa,71.02,3099500.00
23.08.2024,t3pa,70.73,1796000.00
26.08.2024,t3pa,69.28,3099500.00
27.08.2024,t3pa,70.17,3099500.00
28.08.2024,t3pa,70.39,2313500.00
29.08.2024,t3pa,69.50,3125000.00
30.08.2024,t3pa,70.07,1810000.00
02.09.2024,t3pa,69.30,3287500.00
03.09.2024,t3pa,68.56,3287500.00
05.09.2024,t3pa,65.99,3287500.00
06.09.2024,t3pa,67.00,1886500.00
09.09.2024,t3pa,65.75,3287500.00
10.09.2024,t3pa,65.83,3287500.00
11.09.2024,t3pa,64.75,2833500.00
12.09.2024,t3pa,65.10,3287500.00
13.09.2024,t3pa,64.89,1886500.00
16.09.2024,t3pa,64.94,3287500.00
17.09.2024,t3pa,62.71,3287500.00
19.09.2024,t3pa,63.56,3290500.00
20.09.2024,t3pa,63.18,1886500.00
23.09.2024,t3pa,64.00,3287500.00
24.09.2024,t3pa,63.91,3287500.00
25.09.2024,t3pa,63.55,2833500.00
26.09.2024,t3pa,63.88,3287500.00
27.09.2024,t3pa,65.45,1886500.00
30.09.2024,t3pa,65.69,3287500.00
01.10.2024,t3pa,63.19,3287500.00
02.10.2024,t3pa,62.89,926500.00
03.10.2024,t3pa,62.02,3287500.00
04.10.2024,t3pa,61.03,1886500.00
07.10.2024,t3pa,60.15,3287500.00
08.10.2024,t3pa,59.85,3287500.00
09.10.2024,t3pa,61.18,2833500.00
10.10.2024,t3pa,63.30,3287500.00
11.10.2024,t3pa,63.71,1886500.00
14.10.2024,t3pa,65.00,3287500.00
15.10.2024,t3pa,64.08,3287500.00
17.10.2024,t3pa,63.10,3287500.00
18.10.2024,t3pa,61.90,1886500.00
21.10.2024,t3pa,62.30,3287500.00
22.10.2024,t3pa,61.22,3287500.00
23.10.2024,t3pa,63.75,2833500.00
24.10.2024,t3pa,64.60,3287500.00
25.10.2024,t3pa,66.32,1886500.00
28.10.2024,t3pa,64.38,3287500.00
29.10.2024,t3pa,66.42,3287500.00
31.10.2024,t3pa,64.78,3287500.00
01.11.2024,t3pa,64.46,1886500.00
04.11.2024,t3pa,64.68,3287500.00
05.11.2024,t3pa,65.06,3287500.00
06.11.2024,t3pa,62.94,2833500.00
07.11.2024,t3pa,65.35,3287500.00
08.11.2024,t3pa,66.20,1886500.00
11.11.2024,t3pa,67.60,3287500.00
12.11.2024,t3pa,65.92,3287500.00
14.11.2024,t3pa,67.15,3287500.00
15.11.2024,t3pa,66.78,1886500.00
18.11.2024,t3pa,67.70,3287500.00
19.11.2024,t3pa,69.05,3287500.00
20.11.2024,t3pa,68.02,2833500.00
21.11.2024,t3pa,68.79,3287500.00
22.11.2024,t3pa,69.71,1886500.00
25.11.2024,t3pa,69.32,3287500.00
26.11.2024,t3pa,69.37,3287500.00
28.11.2024,t3pa,67.91,3287500.00
29.11.2024,t3pa,67.30,1886500.00
02.12.2024,t3pa,69.40,3287500.00
03.12.2024,t3pa,68.12,3287500.00
04.12.2024,t3pa,67.42,2833500.00
05.12.2024,t3pa,67.62,3287500.00
06.12.2024,t3pa,67.25,1886500.00
09.12.2024,t3pa,67.70,3287500.00
10.12.2024,t3pa,67.00,3287500.00
12.12.2024,t3pa,67.95,3287500.00
13.12.2024,t3pa,66.07,1890500.00
16.12.2024,t3pa,63.64,3248000.00
07.01.2025,t3pa,71.02,3245500.00
08.01.2025,t3pa,71.50,2072500.00
09.01.2025,t3pa,70.01,3245500.00
10.01.2025,t3pa,70.63,1607000.00
13.01.2025,t3pa,74.40,3245500.00
14.01.2025,t3pa,74.45,3245500.00
16.01.2025,t3pa,75.70,3245500.00
17.01.2025,t3pa,77.30,1607000.00
20.01.2025,t3pa,76.40,3245500.00
21.01.2025,t3pa,77.30,3245500.00
22.01.2025,t3pa,76.71,2072500.00
23.01.2025,t3pa,79.06,3245500.00
24.01.2025,t3pa,78.43,1607000.00
27.01.2025,t3pa,77.70,3245500.00
28.01.2025,t3pa,77.06,3245500.00
30.01.2025,t3pa,81.57,3245500.00
31.01.2025,t3pa,81.11,1607000.00
03.02.2025,t3pa,80.39,3245500.00
04.02.2025,t3pa,79.06,3245500.00
05.02.2025,t3pa,77.87,2072500.00
06.02.2025,t3pa,79.75,3245500.00
07.02.2025,t3pa,80.71,1607000.00
10.02.2025,t3pa,81.27,3245500.00
11.02.2025,t3pa,80.08,3245500.00
13.02.2025,t3pa,76.77,3245500.00
14.02.2025,t3pa,75.84,1607000.00
17.02.2025,t3pa,77.02,3245500.00
18.02.2025,t3pa,74.53,3245500.00
19.02.2025,t3pa,72.90,2072500.00
20.02.2025,t3pa,71.21,3245500.00
21.02.2025,t3pa,73.01,1607000.00
24.02.2025,t3pa,70.80,3245500.00
25.02.2025,t3pa,71.15,3245500.00
27.02.2025,t3pa,69.96,3245500.00
28.02.2025,t3pa,70.65,1607000.00
03.03.2025,t3pa,70.31,3245500.00
04.03.2025,t3pa,68.10,3245500.00
05.03.2025,t3pa,67.99,2072500.00
06.03.2025,t3pa,66.58,3245500.00
07.03.2025,t3pa,67.77,1607000.00
10.03.2025,t3pa,68.18,3245500.00
11.03.2025,t3pa,67.02,3245500.00
13.03.2025,t3pa,68.20,3245500.00
14.03.2025,t3pa,68.65,1607000.00
17.03.2025,t3pa,68.53,3245500.00
18.03.2025,t3pa,68.66,3245500.00
