date,pln_usd,pln_eur
2016-01-01, 3.90, 4.30
2016-01-04,3.9281,4.2935
2016-01-05,4.0073,4.3176
2016-01-07,4.0085,4.3475
2016-01-08,3.9963,4.3457
2016-01-11,4.0085,4.3635
2016-01-12,4.017,4.3621
2016-01-13,4.0068,4.3345
2016-01-14,3.999,4.3605
2016-01-15,4.0411,4.4075
2016-01-18,4.1133,4.4835
2016-01-19,4.0917,4.449
2016-01-20,4.0877,4.4659
2016-01-21,4.1303,4.4987
2016-01-22,4.1031,4.446
2016-01-25,4.1346,4.472
2016-01-26,4.1475,4.4961
2016-01-27,4.1144,4.473
2016-01-28,4.0872,4.4588
2016-01-29,4.0723,4.4405
2016-02-01,4.0638,4.4104
2016-02-02,4.0333,4.4015
2016-02-03,4.0325,4.4024
2016-02-04,3.9492,4.4078
2016-02-05,3.942,4.4135
2016-02-08,3.9525,4.4185
2016-02-09,3.9771,4.449
2016-02-10,3.9383,4.4366
2016-02-11,3.9219,4.4407
2016-02-12,3.9074,4.4136
2016-02-15,3.922,4.396
2016-02-16,3.9404,4.4042
2016-02-17,3.9431,4.3905
2016-02-18,3.9416,4.3902
2016-02-19,3.9531,4.383
2016-02-22,3.9391,4.3655
2016-02-23,3.9671,4.3655
2016-02-24,3.9803,4.372
2016-02-25,3.9705,4.3739
2016-02-26,3.9545,4.357
2016-02-29,3.9935,4.3589
2016-03-01,3.9924,4.3365
2016-03-02,3.9861,4.3333
2016-03-03,3.9805,4.325
2016-03-04,3.9545,4.334
2016-03-07,3.9515,4.3292
2016-03-08,3.9333,4.3325
2016-03-09,3.9395,4.3215
2016-03-10,3.932,4.3131
2016-03-11,3.8903,4.3226
2016-03-14,3.847,4.2813
2016-03-15,3.8649,4.2824
2016-03-16,3.8749,4.298
2016-03-17,3.8037,4.2989
2016-03-18,3.7882,4.2705
2016-03-21,3.7838,4.2603
2016-03-22,3.8005,4.259
2016-03-23,3.801,4.2533
2016-03-24,3.824,4.2715
2016-03-25,3.8174,4.263
2016-03-29,3.8037,4.2535
2016-03-30,3.7495,4.2445
2016-03-31,3.759,4.2684
2016-04-01,3.7193,4.2387
2016-04-04,3.7254,4.2355
2016-04-05,3.7337,4.2452
2016-04-06,3.751,4.2577
2016-04-07,3.7414,4.2601
2016-04-08,3.7701,4.293
2016-04-11,3.7587,4.2826
2016-04-12,3.749,4.2867
2016-04-13,3.7771,4.2827
2016-04-14,3.8174,4.3016
2016-04-15,3.8176,4.3
2016-04-18,3.801,4.2978
2016-04-19,3.7925,4.2977
2016-04-20,3.7842,4.3004
2016-04-21,3.7981,4.2885
2016-04-22,3.8399,4.3283
2016-04-25,3.8962,4.386
2016-04-26,3.8935,4.3978
2016-04-27,3.8793,4.3926
2016-04-28,3.8695,4.394
2016-04-29,3.8738,4.4078
2016-05-02,3.8195,4.3842
2016-05-04,3.83,4.3992
2016-05-05,3.8475,4.4003
2016-05-06,3.8732,4.4236
2016-05-09,3.873,4.4123
2016-05-10,3.8853,4.4275
2016-05-11,3.8855,4.4241
2016-05-12,3.8811,4.4275
2016-05-13,3.8775,4.4016
2016-05-16,3.8625,4.3727
2016-05-17,3.8508,4.361
2016-05-18,3.9005,4.3937
2016-05-19,3.9161,4.396
2016-05-20,3.9358,4.4163
2016-05-23,3.9513,4.4293
2016-05-24,3.9789,4.4482
2016-05-25,3.9684,4.4238
2016-05-27,3.9393,4.4063
2016-05-30,3.947,4.3945
2016-05-31,3.9369,4.382
2016-06-01,3.935,4.3895
2016-06-02,3.9204,4.3944
2016-06-03,3.9384,4.3913
2016-06-06,3.8602,4.3835
2016-06-07,3.8298,4.3533
2016-06-08,3.815,4.3377
2016-06-09,3.8126,4.3334
2016-06-10,3.8545,4.3558
2016-06-13,3.8943,4.39
2016-06-14,3.9483,4.4363
2016-06-15,3.9351,4.4155
2016-06-16,3.9469,4.4445
2016-06-17,3.9412,4.4363
2016-06-20,3.8724,4.3945
2016-06-21,3.8741,4.3935
2016-06-22,3.8945,4.39
2016-06-23,3.8593,4.3806
2016-06-24,3.9994,4.4526
2016-06-27,4.0263,4.4485
2016-06-28,4.003,4.4244
2016-06-29,3.9905,4.414
2016-06-30,3.9803,4.4255
2016-07-01,3.9548,4.3921
2016-07-04,3.9886,4.4304
2016-07-05,3.9963,4.4501
2016-07-06,4.0225,4.4469
2016-07-07,4.0036,4.438
2016-07-08,4.0001,4.4295
2016-07-11,4.006,4.417
2016-07-12,3.9807,4.4224
2016-07-13,3.9809,4.4016
2016-07-14,3.9681,4.407
2016-07-15,3.9598,4.4121
2016-07-18,3.9853,4.4032
2016-07-19,3.9582,4.3811
2016-07-20,3.979,4.3776
2016-07-21,3.9685,4.3706
2016-07-22,3.9504,4.3564
2016-07-25,3.9697,4.36
2016-07-26,3.9682,4.3694
2016-07-27,3.9739,4.3695
2016-07-28,3.9389,4.3736
2016-07-29,3.9364,4.3684
2016-08-01,3.904,4.3576
2016-08-02,3.882,4.3484
2016-08-03,3.8516,4.3135
2016-08-04,3.8588,4.2971
2016-08-05,3.8542,4.2975
2016-08-08,3.8706,4.2912
2016-08-09,3.8482,4.2693
2016-08-10,3.825,4.2632
2016-08-11,3.8297,4.2674
2016-08-12,3.8219,4.2626
2016-08-16,3.7929,4.27
2016-08-17,3.8075,4.2863
2016-08-18,3.7826,4.2837
2016-08-19,3.7905,4.2884
2016-08-22,3.809,4.303
2016-08-23,3.8061,4.3139
2016-08-24,3.8174,4.3116
2016-08-25,3.819,4.3095
2016-08-26,3.8328,4.327
2016-08-29,3.8789,4.3395
2016-08-30,3.8858,4.3395
2016-08-31,3.9082,4.3555
2016-09-01,3.9116,4.3607
2016-09-02,3.9164,4.3796
2016-09-05,3.8937,4.348
2016-09-06,3.8869,4.3396
2016-09-07,3.8515,4.3289
2016-09-08,3.8255,4.3122
2016-09-09,3.8385,4.3264
2016-09-12,3.8668,4.346
2016-09-13,3.8734,4.352
2016-09-14,3.8716,4.3455
2016-09-15,3.8587,4.3356
2016-09-16,3.8497,4.3244
2016-09-19,3.8586,4.3071
2016-09-20,3.8438,4.3019
2016-09-21,3.8601,4.3034
2016-09-22,3.8128,4.2856
2016-09-23,3.8328,4.2939
2016-09-26,3.8324,4.3075
2016-09-27,3.8227,4.2972
2016-09-28,3.8264,4.2918
2016-09-29,3.8354,4.3014
2016-09-30,3.8558,4.312
2016-10-03,3.8252,4.2976
2016-10-04,3.8472,4.2984
2016-10-05,3.8307,4.3014
2016-10-06,3.8405,4.2974
2016-10-07,3.8505,4.2853
2016-10-10,3.8307,4.2835
2016-10-11,3.8487,4.2767
2016-10-12,3.8851,4.2825
2016-10-13,3.9164,4.3065
2016-10-14,3.8965,4.2955
2016-10-17,3.9265,4.3142
2016-10-18,3.9148,4.3137
2016-10-19,3.9285,4.3204
2016-10-20,3.9359,4.3189
2016-10-21,3.98,4.33
2016-10-24,3.969,4.3225
2016-10-25,3.9543,4.3058
2016-10-26,3.9517,4.3178
2016-10-27,3.976,4.3388
2016-10-28,3.9696,4.3293
2016-10-31,3.9488,4.3267
2016-11-02,3.8954,4.3169
2016-11-03,3.8965,4.3238
2016-11-04,3.8862,4.3133
2016-11-07,3.9132,4.3283
2016-11-08,3.9169,4.3285
2016-11-09,3.9305,4.3455
2016-11-10,3.9856,4.3424
2016-11-14,4.0805,4.3892
2016-11-15,4.0837,4.4098
2016-11-16,4.138,4.4345
2016-11-17,4.1375,4.4386
2016-11-18,4.1968,4.4484
2016-11-21,4.1748,4.439
2016-11-22,4.1507,4.4199
2016-11-23,4.1588,4.4131
2016-11-24,4.188,4.4261
2016-11-25,4.1628,4.4106
2016-11-28,4.1521,4.419
2016-11-29,4.1827,4.4328
2016-11-30,4.1721,4.4384
2016-12-01,4.1987,4.462
2016-12-02,4.215,4.4885
2016-12-05,4.2213,4.4897
2016-12-06,4.1825,4.5035
2016-12-07,4.1268,4.4232
2016-12-08,4.1107,4.4401
2016-12-09,4.1772,4.4385
2016-12-12,4.209,4.4583
2016-12-13,4.1905,4.4505
2016-12-14,4.1768,4.4389
2016-12-15,4.2329,4.4453
2016-12-16,4.2296,4.4253
2016-12-19,4.2255,4.4157
2016-12-20,4.2493,4.4128
2016-12-21,4.2484,4.418
2016-12-22,4.2222,4.4089
2016-12-23,4.2199,4.4126
2016-12-27,4.212,4.4022
2016-12-28,4.226,4.4127
2016-12-29,4.2161,4.4131
2016-12-30,4.1793,4.424
2017-01-02,4.2106,4.4157
2017-01-03,4.2271,4.4002
2017-01-04,4.2037,4.3877
2017-01-05,4.1667,4.3766
2017-01-09,4.1592,4.3783
2017-01-10,4.127,4.3735
2017-01-11,4.1465,4.3684
2017-01-12,4.1103,4.3728
2017-01-13,4.1084,4.373
2017-01-16,4.1354,4.3792
2017-01-17,4.0989,4.3771
2017-01-18,4.087,4.3705
2017-01-19,4.1014,4.3741
2017-01-20,4.1005,4.3658
2017-01-23,4.076,4.3725
2017-01-24,4.0708,4.372
2017-01-25,4.0585,4.3636
2017-01-26,4.059,4.352
2017-01-27,4.0595,4.3413
2017-01-30,4.0472,4.3291
2017-01-31,4.0446,4.3308
2017-02-01,4.0071,4.3221
2017-02-02,3.9835,4.3084
2017-02-03,4.0014,4.2985
2017-02-06,3.9892,4.2864
2017-02-07,4.028,4.2943
2017-02-08,4.0521,4.3128
2017-02-09,4.0332,4.3162
2017-02-10,4.0435,4.303
2017-02-13,4.0496,4.3077
2017-02-14,4.0525,4.3025
2017-02-15,4.0752,4.3025
2017-02-16,4.0567,4.316
2017-02-17,4.0693,4.3314
2017-02-20,4.0692,4.3227
2017-02-21,4.0942,4.3163
2017-02-22,4.0899,4.2977
2017-02-23,4.084,4.3076
2017-02-24,4.0681,4.3102
2017-02-27,4.0745,4.3135
2017-02-28,4.077,4.3166
2017-03-01,4.0756,4.297
2017-03-02,4.0765,4.2912
2017-03-03,4.0955,4.3078
2017-03-06,4.0663,4.31
2017-03-07,4.0803,4.3115
2017-03-08,4.0818,4.3087
2017-03-09,4.0864,4.3146
2017-03-10,4.0761,4.326
2017-03-13,4.0747,4.346
2017-03-14,4.0697,4.3295
2017-03-15,4.0646,4.3208
2017-03-16,4.03,4.3165
2017-03-17,3.9917,4.3013
2017-03-20,3.9821,4.2821
2017-03-21,3.9502,4.2635
2017-03-22,3.9731,4.2855
2017-03-23,3.9687,4.275
2017-03-24,3.9481,4.2658
2017-03-27,3.9259,4.263
2017-03-28,3.9169,4.2529
2017-03-29,3.9265,4.236
2017-03-30,3.9402,4.2292
2017-03-31,3.9455,4.2198
2017-04-03,3.9664,4.2327
2017-04-04,3.989,4.2525
2017-04-05,3.9783,4.2464
2017-04-06,3.9792,4.2412
2017-04-07,3.9755,4.2273
2017-04-10,3.9956,4.2301
2017-04-11,4.0009,4.2415
2017-04-12,4.0026,4.2505
2017-04-13,3.9886,4.245
2017-04-14,3.9911,4.2395
2017-04-18,3.98,4.2401
2017-04-19,3.9571,4.2404
2017-04-20,3.9588,4.2631
2017-04-21,3.9841,4.2705
2017-04-24,3.906,4.241
2017-04-25,3.8873,4.2346
2017-04-26,3.8757,4.2255
2017-04-27,3.8776,4.2296
2017-04-28,3.8696,4.217
2017-05-02,3.8675,4.2226
2017-05-04,3.863,4.2177
2017-05-05,3.849,4.2176
2017-05-08,3.8391,4.2059
2017-05-09,3.8741,4.2253
2017-05-10,3.8777,4.2155
2017-05-11,3.8744,4.215
2017-05-12,3.8837,4.22
2017-05-15,3.8463,4.2096
2017-05-16,3.7932,4.1902
2017-05-17,3.7808,4.1912
2017-05-18,3.7926,4.22
2017-05-19,3.7735,4.2069
2017-05-22,3.7526,4.1907
2017-05-23,3.7354,4.2018
2017-05-24,3.7535,4.1985
2017-05-25,3.7177,4.1796
2017-05-26,3.7248,4.1803
2017-05-29,3.7371,4.1794
2017-05-30,3.7471,4.1739
2017-05-31,3.7354,4.1737
2017-06-01,3.7262,4.1834
2017-06-02,3.7323,4.1882
2017-06-05,3.7066,4.1781
2017-06-06,3.725,4.1916
2017-06-07,3.7241,4.1943
2017-06-08,3.74,4.2071
2017-06-09,3.7465,4.1877
2017-06-12,3.735,4.1927
2017-06-13,3.7379,4.1921
2017-06-14,3.7497,4.2025
2017-06-16,3.7749,4.2181
2017-06-19,3.7615,4.2112
2017-06-20,3.7862,4.2248
2017-06-21,3.809,4.2442
2017-06-22,3.8002,4.2442
2017-06-23,3.7824,4.2255
2017-06-26,3.7653,4.2117
2017-06-27,3.7442,4.212
2017-06-28,3.7249,4.2317
2017-06-29,3.7122,4.2412
2017-06-30,3.7062,4.2265
2017-07-03,3.7196,4.2331
2017-07-04,3.7372,4.2428
2017-07-05,3.7471,4.2501
2017-07-06,3.7351,4.2388
2017-07-07,3.7068,4.2337
2017-07-10,3.716,4.2348
2017-07-11,3.7235,4.2435
2017-07-12,3.7034,4.2432
2017-07-13,3.7133,4.2345
2017-07-14,3.6986,4.2194
2017-07-17,3.6767,4.2091
2017-07-18,3.6469,4.2032
2017-07-19,3.6486,4.2057
2017-07-20,3.6604,4.2117
2017-07-21,3.632,4.2311
2017-07-24,3.6395,4.2413
2017-07-25,3.6519,4.2559
2017-07-26,3.6661,4.2611
2017-07-27,3.6366,4.265
2017-07-28,3.6406,4.2617
2017-07-31,3.6264,4.2545
2017-08-01,3.5991,4.2548
2017-08-02,3.5863,4.2515
2017-08-03,3.5918,4.2538
2017-08-04,3.5702,4.2423
2017-08-07,3.5995,4.2469
2017-08-08,3.6027,4.2541
2017-08-09,3.6342,4.2638
2017-08-10,3.6432,4.2709
2017-08-11,3.6449,4.2851
2017-08-14,3.6278,4.2823
2017-08-16,3.6435,4.2724
2017-08-17,3.6258,4.2541
2017-08-18,3.6459,4.2826
2017-08-21,3.6408,4.2747
2017-08-22,3.6334,4.2772
2017-08-23,3.6274,4.2767
2017-08-24,3.6329,4.2827
2017-08-25,3.6112,4.26
2017-08-28,3.5736,4.264
2017-08-29,3.5372,4.2661
2017-08-30,3.5678,4.261
2017-08-31,3.5822,4.2618
2017-09-01,3.5693,4.2457
2017-09-04,3.5718,4.257
2017-09-05,3.5642,4.2361
2017-09-06,3.5538,4.2446
2017-09-07,3.5511,4.2466
2017-09-08,3.5239,4.2511
2017-09-11,3.5293,4.2426
2017-09-12,3.5552,4.2511
2017-09-13,3.5627,4.2677
2017-09-14,3.5984,4.2837
2017-09-15,3.5863,4.2781
2017-09-18,3.5881,4.2835
2017-09-19,3.5821,4.293
2017-09-20,3.5619,4.2769
2017-09-21,3.5975,4.2863
2017-09-22,3.5651,4.2746
2017-09-25,3.5866,4.2698
2017-09-26,3.6234,4.282
2017-09-27,3.665,4.3012
2017-09-28,3.6682,4.3166
2017-09-29,3.6519,4.3091
2017-10-02,3.6726,4.3137
2017-10-03,3.6737,4.3105
2017-10-04,3.6597,4.3025
2017-10-05,3.6502,4.2985
2017-10-06,3.6799,4.3042
2017-10-09,3.6743,4.3121
2017-10-10,3.6468,4.2952
2017-10-11,3.6219,4.2836
2017-10-12,3.6,4.2705
2017-10-13,3.601,4.2603
2017-10-16,3.6004,4.2449
2017-10-17,3.5964,4.2313
2017-10-18,3.6006,4.2293
2017-10-19,3.5896,4.2381
2017-10-20,3.5966,4.2452
2017-10-23,3.6061,4.2359
2017-10-24,3.6031,4.2382
2017-10-25,3.6006,4.237
2017-10-26,3.5939,4.2458
2017-10-27,3.6568,4.252
2017-10-30,3.643,4.2403
2017-10-31,3.6529,4.2498
2017-11-02,3.6366,4.2336
2017-11-03,3.6408,4.2406
2017-11-06,3.6585,4.2449
2017-11-07,3.6652,4.2397
2017-11-08,3.6595,4.2423
2017-11-09,3.6466,4.2308
2017-11-10,3.6274,4.2299
2017-11-13,3.6382,4.2352
2017-11-14,3.6126,4.2332
2017-11-15,3.5886,4.2487
2017-11-16,3.5958,4.2346
2017-11-17,3.5965,4.2419
2017-11-20,3.5909,4.2351
2017-11-21,3.606,4.2296
2017-11-22,3.5881,4.2183
2017-11-23,3.5557,4.2108
2017-11-24,3.5486,4.2116
2017-11-27,3.5276,4.2086
2017-11-28,3.5382,4.2074
2017-11-29,3.5385,4.1991
2017-11-30,3.5543,4.2055
2017-12-01,3.5352,4.2078
2017-12-04,3.5499,4.2082
2017-12-05,3.5454,4.2024
2017-12-06,3.5653,4.2154
2017-12-07,3.5722,4.2115
2017-12-08,3.5808,4.2026
2017-12-11,3.5633,4.2038
2017-12-12,3.5708,4.2077
2017-12-13,3.588,4.2155
2017-12-14,3.5716,4.2216
2017-12-15,3.5786,4.2217
2017-12-18,3.574,4.2134
2017-12-19,3.5583,4.2011
2017-12-20,3.5459,4.1975
2017-12-21,3.5369,4.2018
2017-12-22,3.5393,4.1935
2017-12-27,3.5253,4.1909
2017-12-28,3.5046,4.1815
2017-12-29,3.4813,4.1709
2018-01-02,3.4546,4.1701
2018-01-03,3.4616,4.1673
2018-01-04,3.4472,4.1515
2018-01-05,3.4488,4.1544
2018-01-08,3.4735,4.1647
2018-01-09,3.4992,4.1779
2018-01-10,3.4999,4.1784
2018-01-11,3.495,4.1758
2018-01-12,3.4366,4.1669
2018-01-15,3.401,4.1696
2018-01-16,3.419,4.1825
2018-01-17,3.4109,4.1739
2018-01-18,3.4108,4.1663
2018-01-19,3.3994,4.175
2018-01-22,3.4036,4.1696
2018-01-23,3.4084,4.1712
2018-01-24,3.375,4.1637
2018-01-25,3.3376,4.1493
2018-01-26,3.3299,4.1477
2018-01-29,3.3375,4.1423
2018-01-30,3.3442,4.1461
2018-01-31,3.3318,4.1488
2018-02-01,3.3346,4.1504
2018-02-02,3.3329,4.1615
2018-02-05,3.3375,4.1585
2018-02-06,3.3498,4.1547
2018-02-07,3.3677,4.1593
2018-02-08,3.4119,4.1733
2018-02-09,3.4263,4.2024
2018-02-12,3.4122,4.1846
2018-02-13,3.3916,4.1764
2018-02-14,3.3769,4.1716
2018-02-15,3.3259,4.153
2018-02-16,3.3173,4.1559
2018-02-19,3.3411,4.1467
2018-02-20,3.3597,4.1472
2018-02-21,3.3697,4.1562
2018-02-22,3.4009,4.1811
2018-02-23,3.3911,4.1738
2018-02-26,3.3799,4.1717
2018-02-27,3.3816,4.17
2018-02-28,3.4188,4.1779
2018-03-01,3.4356,4.1854
2018-03-02,3.42,4.1986
2018-03-05,3.3995,4.1895
2018-03-06,3.3936,4.1891
2018-03-07,3.3744,4.1922
2018-03-08,3.3935,4.2024
2018-03-09,3.4132,4.1989
2018-03-12,3.4066,4.1942
2018-03-13,3.4143,4.2097
2018-03-14,3.4055,4.2114
2018-03-15,3.4117,4.2168
2018-03-16,3.4214,4.2162
2018-03-19,3.4341,4.2176
2018-03-20,3.4296,4.2242
2018-03-21,3.4544,4.2416
2018-03-22,3.4264,4.2261
2018-03-23,3.4319,4.2295
2018-03-26,3.4145,4.2316
2018-03-27,3.3921,4.2164
2018-03-28,3.3956,4.2097
2018-03-29,3.4201,4.2093
2018-03-30,3.4139,4.2085
2018-04-03,3.4177,4.2094
2018-04-04,3.4224,4.2065
2018-04-05,3.4301,4.207
2018-04-06,3.4315,4.1984
2018-04-09,3.4174,4.1967
2018-04-10,3.4068,4.199
2018-04-11,3.3859,4.1911
2018-04-12,3.3924,4.1882
2018-04-13,3.3862,4.1769
2018-04-16,3.3666,4.1628
2018-04-17,3.3572,4.1582
2018-04-18,3.3721,4.1677
2018-04-19,3.3693,4.1665
2018-04-20,3.3881,4.1724
2018-04-23,3.4156,4.1802
2018-04-24,3.4401,4.198
2018-04-25,3.4548,4.2159
2018-04-26,3.4827,4.2392
2018-04-27,3.5003,4.2259
2018-04-30,3.4868,4.2204
2018-05-02,3.5563,4.2675
2018-05-04,3.5754,4.2771
2018-05-07,3.5634,4.2513
2018-05-08,3.5884,4.2662
2018-05-09,3.609,4.279
2018-05-10,3.5773,4.2473
2018-05-11,3.5708,4.2569
2018-05-14,3.5558,4.2615
2018-05-15,3.5931,4.2823
2018-05-16,3.6241,4.2893
2018-05-17,3.6283,4.2868
2018-05-18,3.6385,4.2958
2018-05-21,3.6615,4.2991
2018-05-22,3.6252,4.2812
2018-05-23,3.6693,4.3037
2018-05-24,3.659,4.2953
2018-05-25,3.6686,4.3022
2018-05-28,3.6849,4.3031
2018-05-29,3.7299,4.3056
2018-05-30,3.72,4.3195
2018-06-01,3.6934,4.3146
2018-06-04,3.6665,4.2931
2018-06-05,3.6569,4.2804
2018-06-06,3.647,4.2829
2018-06-07,3.6062,4.2634
2018-06-08,3.6479,4.2912
2018-06-11,3.6247,4.2717
2018-06-12,3.6271,4.2776
2018-06-13,3.6461,4.282
2018-06-14,3.6155,4.2757
2018-06-15,3.6922,4.2802
2018-06-18,3.7003,4.2887
2018-06-19,3.7316,4.3113
2018-06-20,3.7352,4.3171
2018-06-21,3.7607,4.3323
2018-06-22,3.6977,4.3149
2018-06-25,3.7087,4.3242
2018-06-26,3.7151,4.3372
2018-06-27,3.7351,4.343
2018-06-28,3.7705,4.3566
2018-06-29,3.744,4.3616
2018-07-02,3.7703,4.3899
2018-07-03,3.7723,4.3978
2018-07-04,3.7759,4.3969
2018-07-05,3.7485,4.3833
2018-07-06,3.7222,4.36
2018-07-09,3.685,4.338
2018-07-10,3.6973,4.3356
2018-07-11,3.7,4.3322
2018-07-12,3.7055,4.3262
2018-07-13,3.7244,4.3302
2018-07-16,3.6828,4.3076
2018-07-17,3.6619,4.2998
2018-07-18,3.7031,4.3036
2018-07-19,3.7163,4.3155
2018-07-20,3.717,4.3275
2018-07-23,3.6957,4.3262
2018-07-24,3.702,4.3256
2018-07-25,3.6793,4.3035
2018-07-26,3.6649,4.2927
2018-07-27,3.6937,4.2945
2018-07-30,3.6684,4.2836
2018-07-31,3.6481,4.2779
2018-08-01,3.6603,4.2758
2018-08-02,3.6783,4.2745
2018-08-03,3.6926,4.2758
2018-08-06,3.692,4.2672
2018-08-07,3.6722,4.2554
2018-08-08,3.6782,4.2619
2018-08-09,3.6846,4.2715
2018-08-10,3.7481,4.2942
2018-08-13,3.7862,4.3094
2018-08-14,3.7768,4.3001
2018-08-16,3.7871,4.3105
2018-08-17,3.7784,4.3061
2018-08-20,3.7695,4.2997
2018-08-21,3.7375,4.3101
2018-08-22,3.7104,4.2937
2018-08-23,3.7069,4.2868
2018-08-24,3.7014,4.2801
2018-08-27,3.682,4.2748
2018-08-28,3.6548,4.2732
2018-08-29,3.6747,4.2871
2018-08-30,3.6724,4.2917
2018-08-31,3.6808,4.2953
2018-09-03,3.6991,4.2954
2018-09-04,3.7241,4.3073
2018-09-05,3.733,4.3183
2018-09-06,3.7143,4.3218
2018-09-07,3.6995,4.3079
2018-09-10,3.7283,4.3138
2018-09-11,3.7087,4.3077
2018-09-12,3.7198,4.3103
2018-09-13,3.713,4.3126
2018-09-14,3.6817,4.3093
2018-09-17,3.6876,4.2968
2018-09-18,3.6817,4.303
2018-09-19,3.6685,4.2929
2018-09-20,3.6702,4.2912
2018-09-21,3.6402,4.2929
2018-09-24,3.662,4.3092
2018-09-25,3.6511,4.2939
2018-09-26,3.643,4.2865
2018-09-27,3.6557,4.2814
2018-09-28,3.6754,4.2714
2018-10-01,3.6867,4.2795
2018-10-02,3.7326,4.2975
2018-10-03,3.7103,4.2949
2018-10-04,3.7512,4.309
2018-10-05,3.7518,4.3117
2018-10-08,3.7574,4.3112
2018-10-09,3.7629,4.319
2018-10-10,3.7507,4.3082
2018-10-11,3.7399,4.3179
2018-10-12,3.713,4.3022
2018-10-15,3.7091,4.2927
2018-10-16,3.7036,4.2919
2018-10-17,3.7123,4.2936
2018-10-18,3.7302,4.2966
2018-10-19,3.7601,4.3049
2018-10-22,3.7273,4.2922
2018-10-23,3.7485,4.2984
2018-10-24,3.7698,4.3036
2018-10-25,3.7796,4.3123
2018-10-26,3.7899,4.3125
2018-10-29,3.793,4.3164
2018-10-30,3.8062,4.3258
2018-10-31,3.8203,4.3313
2018-11-02,3.7804,4.3244
2018-11-05,3.7907,4.3144
2018-11-06,3.7802,4.3115
2018-11-07,3.7398,4.2972
2018-11-08,3.7599,4.2951
2018-11-09,3.7838,4.2901
2018-11-12,3.8163,4.2962
2018-11-13,3.8268,4.2994
2018-11-14,3.8114,4.2954
2018-11-15,3.8074,4.297
2018-11-16,3.7876,4.295
2018-11-19,3.784,4.3242
2018-11-20,3.79,4.3314
2018-11-21,3.7829,4.307
2018-11-22,3.7764,4.3064
2018-11-23,3.7779,4.2972
2018-11-26,3.7701,4.2883
2018-11-27,3.7948,4.2919
2018-11-28,3.8114,4.2994
2018-11-29,3.7728,4.29
2018-11-30,3.7731,4.2904
2018-12-03,3.7672,4.2818
2018-12-04,3.7516,4.281
2018-12-05,3.7832,4.2896
2018-12-06,3.7844,4.2919
2018-12-07,3.7694,4.2845
2018-12-10,3.76,4.2911
2018-12-11,3.7763,4.2982
2018-12-12,3.7934,4.2993
2018-12-13,3.7739,4.2937
2018-12-14,3.8095,4.3021
2018-12-17,3.7871,4.2906
2018-12-18,3.7668,4.2853
2018-12-19,3.7619,4.2846
2018-12-20,3.7331,4.2849
2018-12-21,3.7528,4.2889
2018-12-24,3.7588,4.2832
2018-12-27,3.7616,4.286
2018-12-28,3.755,4.2969
2018-12-31,3.7597,4.3
2019-01-02,3.7619,4.3016
2019-01-03,3.7827,4.303
2019-01-04,3.772,4.3018
2019-01-07,3.7575,4.2989
2019-01-08,3.7559,4.3013
2019-01-09,3.7509,4.2989
2019-01-10,3.736,4.3055
2019-01-11,3.7289,4.2957
2019-01-14,3.7458,4.2936
2019-01-15,3.7542,4.2922
2019-01-16,3.7619,4.2929
2019-01-17,3.7615,4.2875
2019-01-18,3.7694,4.2964
2019-01-21,3.7751,4.2928
2019-01-22,3.7727,4.2862
2019-01-23,3.7747,4.2867
2019-01-24,3.7844,4.2942
2019-01-25,3.7893,4.2935
2019-01-28,3.7592,4.2885
2019-01-29,3.7563,4.2974
2019-01-30,3.7577,4.2952
2019-01-31,3.7271,4.2802
2019-02-01,3.7243,4.2706
2019-02-04,3.7408,4.2813
2019-02-05,3.7542,4.2869
2019-02-06,3.7706,4.2936
2019-02-07,3.7919,4.3019
2019-02-08,3.804,4.3082
2019-02-11,3.819,4.3172
2019-02-12,3.838,4.3268
2019-02-13,3.8261,4.3312
2019-02-14,3.8516,4.3394
2019-02-15,3.8326,4.3243
2019-02-18,3.8286,4.3317
2019-02-19,3.8311,4.3303
2019-02-20,3.8221,4.3371
2019-02-21,3.8247,4.3322
2019-02-22,3.8242,4.3387
2019-02-25,3.8241,4.3402
2019-02-26,3.8124,4.3338
2019-02-27,3.7886,4.3173
2019-02-28,3.7853,4.312
2019-03-01,3.792,4.3079
2019-03-04,3.7893,4.2984
2019-03-05,3.7977,4.3018
2019-03-06,3.8038,4.2992
2019-03-07,3.8038,4.3019
2019-03-08,3.8409,4.3068
2019-03-11,3.8199,4.2983
2019-03-12,3.8116,4.2976
2019-03-13,3.8077,4.3006
2019-03-14,3.8018,4.3015
2019-03-15,3.8014,4.3037
2019-03-18,3.7876,4.2993
2019-03-19,3.7823,4.294
2019-03-20,3.7767,4.2864
2019-03-21,3.7581,4.287
2019-03-22,3.7948,4.2894
2019-03-25,3.7966,4.2978
2019-03-26,3.7969,4.297
2019-03-27,3.8113,4.2991
2019-03-28,3.8202,4.2998
2019-03-29,3.8365,4.3013
2019-04-01,3.8267,4.3035
2019-04-02,3.8403,4.3004
2019-04-03,3.8192,4.2941
2019-04-04,3.8215,4.2921
2019-04-05,3.8215,4.2921
2019-04-08,3.8188,4.2897
2019-04-09,3.8003,4.2871
2019-04-10,3.8023,4.2852
2019-04-11,3.7964,4.2821
2019-04-12,3.7899,4.2847
2019-04-15,3.7789,4.277
2019-04-16,3.7802,4.2737
2019-04-17,3.7778,4.275
2019-04-18,3.8002,4.279
2019-04-19,3.8051,4.2802
2019-04-23,3.8118,4.2886
2019-04-24,3.8229,4.2895
2019-04-25,3.8537,4.2959
2019-04-26,3.8508,4.2906
2019-04-29,3.8468,4.295
2019-04-30,3.8291,4.2911
2019-05-02,3.8177,4.2795
2019-05-06,3.8313,4.2847
2019-05-07,3.8278,4.2858
2019-05-08,3.8325,4.2914
2019-05-09,3.841,4.2977
2019-05-10,3.8242,4.2955
2019-05-13,3.8321,4.3029
2019-05-14,3.8323,4.3085
2019-05-15,3.8457,4.3128
2019-05-16,3.8259,4.2929
2019-05-17,3.8545,4.3072
2019-05-20,3.8543,4.2995
2019-05-21,3.8625,4.3055
2019-05-22,3.862,4.3098
2019-05-23,3.8696,4.3107
2019-05-24,3.8436,4.2989
2019-05-27,3.8374,4.2952
2019-05-28,3.8386,4.2967
2019-05-29,3.8554,4.3007
2019-05-30,3.8548,4.2919
2019-05-31,3.8498,4.2916
2019-06-03,3.8292,4.2809
2019-06-04,3.8041,4.2788
2019-06-05,3.7929,4.2782
2019-06-06,3.8065,4.2783
2019-06-07,3.7958,4.2762
2019-06-10,3.7745,4.264
2019-06-11,3.7722,4.2675
2019-06-12,3.763,4.265
2019-06-13,3.7736,4.261
2019-06-14,3.7727,4.2554
2019-06-17,3.7989,4.2599
2019-06-18,3.8097,4.2631
2019-06-19,3.8104,4.2673
2019-06-21,3.7705,4.2622
2019-06-24,3.736,4.2538
2019-06-25,3.7376,4.2554
2019-06-26,3.754,4.2642
2019-06-27,3.7426,4.2561
2019-06-28,3.7336,4.252
2019-07-01,3.743,4.2406
2019-07-02,3.7593,4.2457
2019-07-03,3.7596,4.2442
2019-07-04,3.7618,4.2427
2019-07-05,3.7689,4.2445
2019-07-08,3.7857,4.2519
2019-07-09,3.8074,4.2637
2019-07-10,3.8066,4.2729
2019-07-11,3.7859,4.2682
2019-07-12,3.7889,4.2669
2019-07-15,3.7856,4.2673
2019-07-16,3.7867,4.2582
2019-07-17,3.8038,4.2644
2019-07-18,3.7933,4.2635
2019-07-19,3.7855,4.2592
2019-07-22,3.7869,4.248
2019-07-23,3.7997,4.2492
2019-07-24,3.8229,4.2581
2019-07-25,3.8199,4.2514
2019-07-26,3.8296,4.2645
2019-07-29,3.8453,4.2773
2019-07-30,3.8493,4.2906
2019-07-31,3.8504,4.2911
2019-08-01,3.886,4.2931
2019-08-02,3.8829,4.3085
2019-08-05,3.8739,4.3182
2019-08-06,3.8482,4.3096
2019-08-07,3.8597,4.3194
2019-08-08,3.8538,4.322
2019-08-09,3.8613,4.3225
2019-08-12,3.8711,4.3262
2019-08-13,3.8714,4.3327
2019-08-14,3.889,4.3463
2019-08-16,3.9281,4.3543
2019-08-19,3.9199,4.3519
2019-08-20,3.9408,4.3656
2019-08-21,3.921,4.3513
2019-08-22,3.9337,4.366
2019-08-23,3.9371,4.3572
2019-08-26,3.9335,4.3719
2019-08-27,3.9309,4.3684
2019-08-28,3.9548,4.3857
2019-08-29,3.9586,4.3845
2019-08-30,3.9717,4.3844
2019-09-02,3.9819,4.3691
2019-09-03,3.9882,4.3667
2019-09-04,3.9414,4.3385
2019-09-05,3.933,4.3409
2019-09-06,3.9315,4.3392
2019-09-09,3.931,4.3373
2019-09-10,3.9273,4.335
2019-09-11,3.9324,4.3357
2019-09-12,3.9362,4.34
2019-09-13,3.912,4.3396
2019-09-16,3.9116,4.3262
2019-09-17,3.9412,4.341
2019-09-18,3.9322,4.3419
2019-09-19,3.9267,4.3425
2019-09-20,3.9319,4.3438
2019-09-23,3.9983,4.3891
2019-09-24,3.9838,4.3796
2019-09-25,3.9856,4.3844
2019-09-26,4.0092,4.3861
2019-09-27,4.0154,4.3866
2019-09-30,4.0,4.3736
2019-10-01,4.0147,4.3734
2019-10-02,4.0152,4.3788
2019-10-03,3.9652,4.3475
2019-10-04,3.9469,4.3311
2019-10-07,3.9498,4.3304
2019-10-08,3.9405,4.331
2019-10-09,3.9382,4.3257
2019-10-10,3.9226,4.3217
2019-10-11,3.9145,4.3097
2019-10-14,3.8958,4.2969
2019-10-15,3.8952,4.2949
2019-10-16,3.8934,4.297
2019-10-17,3.8638,4.2849
2019-10-18,3.8503,4.2844
2019-10-21,3.8307,4.2775
2019-10-22,3.8408,4.2792
2019-10-23,3.8473,4.2778
2019-10-24,3.8448,4.28
2019-10-25,3.8452,4.2762
2019-10-28,3.8529,4.2732
2019-10-29,3.8598,4.2757
2019-10-30,3.8388,4.2655
2019-10-31,3.8174,4.2617
2019-11-04,3.8099,4.2539
2019-11-05,3.8308,4.2631
2019-11-06,3.8497,4.2697
2019-11-07,3.8502,4.2653
2019-11-08,3.8625,4.2638
2019-11-12,3.878,4.2788
2019-11-13,3.8902,4.285
2019-11-14,3.9011,4.2916
2019-11-15,3.8848,4.2807
2019-11-18,3.8767,4.2884
2019-11-19,3.8786,4.2928
2019-11-20,3.8792,4.2917
2019-11-21,3.8737,4.2948
2019-11-22,3.8853,4.2975
2019-11-25,3.9036,4.299
2019-11-26,3.9039,4.2999
2019-11-27,3.9154,4.3107
2019-11-28,3.9252,4.323
2019-11-29,3.9288,4.3236
2019-12-02,3.9047,4.3008
2019-12-03,3.8706,4.29
2019-12-04,3.8647,4.2792
2019-12-05,3.8566,4.2777
2019-12-06,3.85,4.2721
2019-12-09,3.8704,4.283
2019-12-10,3.8711,4.288
2019-12-11,3.866,4.2851
2019-12-12,3.8505,4.2846
2019-12-13,3.8234,4.2747
2019-12-16,3.8311,4.2659
2019-12-17,3.8211,4.2605
2019-12-18,3.8302,4.2644
2019-12-19,3.8281,4.2632
2019-12-20,3.8311,4.2604
2019-12-23,3.8394,4.2554
2019-12-24,3.8487,4.2624
2019-12-27,3.8266,4.2624
2019-12-30,3.8027,4.2588
2019-12-31,3.7977,4.2585
2020-01-02,3.8,4.2571
2020-01-03,3.8213,4.2569
2020-01-07,3.7861,4.2347
2020-01-08,3.8123,4.2465
2020-01-09,3.8251,4.2459
2020-01-10,3.8272,4.2467
2020-01-13,3.8101,4.2353
2020-01-14,3.8019,4.2323
2020-01-15,3.7992,4.2279
2020-01-16,3.7968,4.2348
2020-01-17,3.8053,4.2344
2020-01-20,3.8277,4.2447
2020-01-21,3.8284,4.2459
2020-01-22,3.8202,4.237
2020-01-23,3.8308,4.2463
2020-01-24,3.8475,4.2461
2020-01-27,3.8725,4.2679
2020-01-28,3.8844,4.2794
2020-01-29,3.8871,4.2766
2020-01-30,3.8856,4.2813
2020-01-31,3.8999,4.301
2020-02-03,3.8864,4.3034
2020-02-04,3.8773,4.2867
2020-02-05,3.8654,4.262
2020-02-06,3.8672,4.2535
2020-02-07,3.8947,4.2664
2020-02-10,3.8996,4.2699
2020-02-11,3.9041,4.2609
2020-02-12,3.901,4.2599
2020-02-13,3.9104,4.2557
2020-02-14,3.9098,4.2402
2020-02-17,3.9189,4.2502
2020-02-18,3.9448,4.2714
2020-02-19,3.9556,4.2732
2020-02-20,3.9621,4.2789
2020-02-21,3.9623,4.2831
2020-02-24,3.9772,4.3017
2020-02-25,3.9624,4.2996
2020-02-26,3.9573,4.3093
2020-02-27,3.9413,4.31
2020-02-28,3.9255,4.3355
2020-03-02,3.9023,4.3237
2020-03-03,3.8804,4.3173
2020-03-04,3.8536,4.2993
2020-03-05,3.8479,4.2994
2020-03-06,3.8231,4.3178
2020-03-09,3.7899,4.3176
2020-03-10,3.8058,4.32
2020-03-11,3.8186,4.3167
2020-03-12,3.8642,4.3451
2020-03-13,3.9067,4.3618
2020-03-16,3.9231,4.3911
2020-03-17,4.046,4.4886
2020-03-18,4.0749,4.4806
2020-03-19,4.2421,4.5917
2020-03-20,4.24,4.5459
2020-03-23,4.2654,4.5571
2020-03-24,4.2421,4.6044
2020-03-25,4.222,4.5779
2020-03-26,4.1988,4.5962
2020-03-27,4.1127,4.5246
2020-03-30,4.0933,4.5395
2020-03-31,4.1466,4.5523
2020-04-01,4.1701,4.5694
2020-04-02,4.1917,4.5769
2020-04-03,4.2396,4.5792
2020-04-06,4.2257,4.5612
2020-04-07,4.1717,4.5342
2020-04-08,4.1801,4.5362
2020-04-09,4.1744,4.537
2020-04-10,4.1566,4.5484
2020-04-14,4.1666,4.5512
2020-04-15,4.1519,4.5389
2020-04-16,4.1631,4.5326
2020-04-17,4.1886,4.5367
2020-04-20,4.1525,4.5175
2020-04-21,4.1779,4.5276
2020-04-22,4.1736,4.5329
2020-04-23,4.2093,4.5444
2020-04-24,4.2142,4.533
2020-04-27,4.1696,4.524
2020-04-28,4.184,4.5399
2020-04-29,4.1807,4.5432
2020-04-30,4.1729,4.5424
2020-05-04,4.1646,4.5582
2020-05-05,4.1927,4.5476
2020-05-06,4.2022,4.539
2020-05-07,4.2162,4.5505
2020-05-08,4.2065,4.5577
2020-05-11,4.2126,4.5572
2020-05-12,4.2095,4.5549
2020-05-13,4.2111,4.5661
2020-05-14,4.2269,4.5693
2020-05-15,4.2135,4.5552
2020-05-18,4.2224,4.5644
2020-05-19,4.1645,4.561
2020-05-20,4.1619,4.554
2020-05-21,4.1346,4.5365
2020-05-22,4.1503,4.5234
2020-05-25,4.1428,4.5111
2020-05-26,4.0885,4.48
2020-05-27,4.0504,4.4378
2020-05-28,4.0244,4.4264
2020-05-29,4.0031,4.4503
2020-06-01,3.968,4.4202
2020-06-02,3.9303,4.3902
2020-06-03,3.9121,4.3859
2020-06-04,3.9573,4.4347
2020-06-05,3.9217,4.4443
2020-06-08,3.9197,4.4291
2020-06-09,3.9453,4.4436
2020-06-10,3.918,4.4544
2020-06-12,3.9299,4.4506
2020-06-15,3.9413,4.4403
2020-06-16,3.9058,4.4278
2020-06-17,3.9532,4.4503
2020-06-18,3.9589,4.4534
2020-06-19,3.9741,4.4573
2020-06-22,3.9667,4.4524
2020-06-23,3.9311,4.4386
2020-06-24,3.9395,4.4532
2020-06-25,3.9623,4.4495
2020-06-26,3.9697,4.4616
2020-06-29,3.9656,4.4631
2020-06-30,3.9806,4.466
2020-07-01,3.9591,4.4465
2020-07-02,3.9528,4.4659
2020-07-03,3.9764,4.4671
2020-07-06,3.9588,4.4697
2020-07-07,3.9689,4.471
2020-07-08,3.9666,4.4739
2020-07-09,3.9486,4.4738
2020-07-10,3.9646,4.4745
2020-07-13,3.9564,4.4745
2020-07-14,3.957,4.4916
2020-07-15,3.9117,4.4738
2020-07-16,3.9422,4.4913
2020-07-17,3.9263,4.4827
2020-07-20,3.8997,4.4683
2020-07-21,3.8812,4.4417
2020-07-22,3.8534,4.4401
2020-07-23,3.806,4.4108
2020-07-24,3.8029,4.4117
2020-07-27,3.7643,4.4023
2020-07-28,3.7532,4.3987
2020-07-29,3.761,4.4194
2020-07-30,3.7549,4.409
2020-07-31,3.7166,4.4072
2020-08-03,3.7499,4.4168
2020-08-04,3.7364,4.406
2020-08-05,3.7143,4.3979
2020-08-06,3.724,4.4101
2020-08-07,3.7302,4.4139
2020-08-10,3.7393,4.4023
2020-08-11,3.739,4.4016
2020-08-12,3.7558,4.4123
2020-08-13,3.7176,4.4011
2020-08-14,3.7227,4.3988
2020-08-17,3.7076,4.3892
2020-08-18,3.6895,4.3953
2020-08-19,3.6732,4.3864
2020-08-20,3.7164,4.3991
2020-08-21,3.7164,4.3902
2020-08-24,3.7273,4.4064
2020-08-25,3.7144,4.3915
2020-08-26,3.7269,4.4032
2020-08-27,3.7286,4.4124
2020-08-28,3.6983,4.4043
2020-08-31,3.6924,4.3969
2020-09-01,3.6707,4.3946
2020-09-02,3.7191,4.4097
2020-09-03,3.7337,4.4181
2020-09-04,3.7533,4.4508
2020-09-07,3.7666,4.457
2020-09-08,3.7652,4.4461
2020-09-09,3.7871,4.455
2020-09-10,3.761,4.4504
2020-09-11,3.7534,4.4504
2020-09-14,3.7522,4.449
2020-09-15,3.7445,4.4492
2020-09-16,3.7526,4.4528
2020-09-17,3.7713,4.4514
2020-09-18,3.7585,4.4574
2020-09-21,3.7963,4.48
2020-09-22,3.8359,4.5055
2020-09-23,3.8399,4.4946
2020-09-24,3.8833,4.5272
2020-09-25,3.9016,4.5477
2020-09-28,3.9083,4.5497
2020-09-29,3.9228,4.5834
2020-09-30,3.8658,4.5268
2020-10-01,3.8513,4.5153
2020-10-02,3.8366,4.494
2020-10-05,3.8252,4.4944
2020-10-06,3.818,4.4961
2020-10-07,3.8126,4.4832
2020-10-08,3.8175,4.49
2020-10-09,3.7913,4.4745
2020-10-12,3.7927,4.4798
2020-10-13,3.7932,4.4737
2020-10-14,3.8301,4.4963
2020-10-15,3.8904,4.5545
2020-10-16,3.8976,4.5621
2020-10-19,3.8761,4.5498
2020-10-20,3.8926,4.5865
2020-10-21,3.8706,4.5869
2020-10-22,3.8734,4.5877
2020-10-23,3.8665,4.5772
2020-10-26,3.8759,4.5774
2020-10-27,3.886,4.589
2020-10-28,3.9313,4.6189
2020-10-29,3.9505,4.633
2020-10-30,3.9563,4.6188
2020-11-02,3.9557,4.6048
2020-11-03,3.9069,4.5699
2020-11-04,3.8996,4.5532
2020-11-05,3.8353,4.5233
2020-11-06,3.8194,4.5277
2020-11-09,3.7787,4.487
2020-11-10,3.8168,4.5063
2020-11-12,3.7995,4.4868
2020-11-13,3.8015,4.496
2020-11-16,3.7782,4.4753
2020-11-17,3.7877,4.4953
2020-11-18,3.7621,4.4729
2020-11-19,3.7872,4.4799
2020-11-20,3.7677,4.4679
2020-11-23,3.7616,4.468
2020-11-24,3.7625,4.4714
2020-11-25,3.7556,4.471
2020-11-26,3.7586,4.4742
2020-11-27,3.7614,4.4843
2020-11-30,3.7364,4.4779
2020-12-01,3.7367,4.4769
2020-12-02,3.7038,4.4642
2020-12-03,3.6981,4.4789
2020-12-04,3.6765,4.4732
2020-12-07,3.7001,4.4745
2020-12-08,3.6914,4.4767
2020-12-09,3.6657,4.4449
2020-12-10,3.6574,4.4276
2020-12-11,3.663,4.4385
2020-12-14,3.6548,4.4432
2020-12-15,3.6554,4.4441
2020-12-16,3.6334,4.4347
2020-12-17,3.6254,4.4348
2020-12-18,3.6322,4.4493
2020-12-21,3.7082,4.5149
2020-12-22,3.6921,4.5069
2020-12-23,3.6919,4.5019
2020-12-24,3.6981,4.5084
2020-12-28,3.6639,4.4879
2020-12-29,3.6778,4.5051
2020-12-30,3.6901,4.5272
2020-12-31,3.7584,4.6148
2021-01-04,3.6998,4.5485
2021-01-05,3.7031,4.5446
2021-01-07,3.6656,4.4973
2021-01-08,3.6919,4.5189
2021-01-11,3.7271,4.5325
2021-01-12,3.7188,4.5228
2021-01-13,3.7142,4.5272
2021-01-14,3.7323,4.5407
2021-01-15,3.7466,4.548
2021-01-18,3.7699,4.5473
2021-01-19,3.7416,4.5342
2021-01-20,3.7303,4.5237
2021-01-21,3.7312,4.531
2021-01-22,3.7255,4.5354
2021-01-25,3.7402,4.5436
2021-01-26,3.7512,4.5497
2021-01-27,3.7507,4.5468
2021-01-28,3.7566,4.5479
2021-01-29,3.746,4.5385
2021-02-01,3.7323,4.5137
2021-02-02,3.7311,4.5025
2021-02-03,3.7352,4.4906
2021-02-04,3.7509,4.4958
2021-02-05,3.7554,4.4978
2021-02-08,3.7301,4.4867
2021-02-09,3.6972,4.4773
2021-02-10,3.6973,4.4809
2021-02-11,3.7117,4.5023
2021-02-12,3.7186,4.5029
2021-02-15,3.6949,4.4836
2021-02-16,3.694,4.4891
2021-02-17,3.7287,4.4998
2021-02-18,3.7152,4.4857
2021-02-19,3.6997,4.4892
2021-02-22,3.7135,4.4963
2021-02-23,3.7117,4.5093
2021-02-24,3.7145,4.5176
2021-02-25,3.6943,4.5143
2021-02-26,3.7247,4.5175
2021-03-01,3.7572,4.5231
2021-03-02,3.7765,4.5345
2021-03-03,3.7509,4.5393
2021-03-04,3.7851,4.554
2021-03-05,3.8393,4.5793
2021-03-08,3.8665,4.5903
2021-03-09,3.8507,4.5844
2021-03-10,3.842,4.5718
2021-03-11,3.8287,4.5805
2021-03-12,3.8521,4.5909
2021-03-15,3.8429,4.5836
2021-03-16,3.8519,4.5949
2021-03-17,3.8676,4.6065
2021-03-18,3.8705,4.6224
2021-03-19,3.8865,4.6226
2021-03-22,3.8768,4.6138
2021-03-23,3.8746,4.6073
2021-03-24,3.9098,4.6273
2021-03-25,3.9253,4.6358
2021-03-26,3.9307,4.6353
2021-03-29,3.957,4.656
2021-03-30,3.9604,4.6519
2021-03-31,3.9676,4.6603
2021-04-01,3.9428,4.6239
2021-04-02,3.8986,4.5933
2021-04-06,3.8973,4.6041
2021-04-07,3.8611,4.5897
2021-04-08,3.8365,4.5581
2021-04-09,3.8208,4.5414
2021-04-12,3.8144,4.533
2021-04-13,3.8342,4.5627
2021-04-14,3.8065,4.5552
2021-04-15,3.8014,4.5546
2021-04-16,3.7978,4.5481
2021-04-19,3.7816,4.5474
2021-04-20,3.7737,4.5541
2021-04-21,3.795,4.5567
2021-04-22,3.7885,4.5562
2021-04-23,3.7855,4.5649
2021-04-26,3.7657,4.5565
2021-04-27,3.7826,4.5613
2021-04-28,3.7939,4.5811
2021-04-29,3.7786,4.5782
2021-04-30,3.7746,4.5654
2021-05-04,3.794,4.5539
2021-05-05,3.8136,4.5752
2021-05-06,3.8066,4.5829
2021-05-07,3.7861,4.5764
2021-05-10,3.7493,4.5631
2021-05-11,3.7514,4.5628
2021-05-12,3.7456,4.5453
2021-05-13,3.7675,4.5447
2021-05-14,3.7374,4.5316
2021-05-17,3.7288,4.5298
2021-05-18,3.705,4.5272
2021-05-19,3.7087,4.5306
2021-05-20,3.7077,4.5189
2021-05-21,3.6778,4.4958
2021-05-24,3.6795,4.4877
2021-05-25,3.6549,4.4806
2021-05-26,3.6691,4.4914
2021-05-27,3.6929,4.498
2021-05-28,3.6766,4.4845
2021-05-31,3.6724,4.4805
2021-06-01,3.659,4.4749
2021-06-02,3.6659,4.4654
2021-06-04,3.6931,4.4734
2021-06-07,3.6656,4.4581
2021-06-08,3.669,4.4674
2021-06-09,3.6545,4.4541
2021-06-10,3.6821,4.48
2021-06-11,3.6759,4.4723
2021-06-14,3.7185,4.5027
2021-06-15,3.7349,4.5306
2021-06-16,3.7336,4.5285
2021-06-17,3.7931,4.5309
2021-06-18,3.8198,4.5503
2021-06-21,3.8214,4.5442
2021-06-22,3.8132,4.5366
2021-06-23,3.7878,4.52
2021-06-24,3.7986,4.5302
2021-06-25,3.7749,4.5085
2021-06-28,3.7762,4.5092
2021-06-29,3.7914,4.5123
2021-06-30,3.8035,4.5208
2021-07-01,3.8149,4.5187
2021-07-02,3.8263,4.5257
2021-07-05,3.7979,4.5083
2021-07-06,3.8021,4.5036
2021-07-07,3.8225,4.5197
2021-07-08,3.8408,4.5414
2021-07-09,3.8427,4.5467
2021-07-12,3.8378,4.5559
2021-07-13,3.8533,4.5662
2021-07-14,3.8955,4.5904
2021-07-15,3.8629,4.5777
2021-07-16,3.8808,4.5865
2021-07-19,3.8968,4.5877
2021-07-20,3.9012,4.5983
2021-07-21,3.9035,4.5983
2021-07-22,3.8801,4.5773
2021-07-23,3.8851,4.5747
2021-07-26,3.8915,4.5858
2021-07-27,3.9017,4.5954
2021-07-28,3.8849,4.5955
2021-07-29,3.8617,4.5866
2021-07-30,3.841,4.5731
2021-08-02,3.8377,4.5611
2021-08-03,3.8315,4.5533
2021-08-04,3.8366,4.5468
2021-08-05,3.8485,4.5555
2021-08-06,3.8519,4.5495
2021-08-09,3.8885,4.5709
2021-08-10,3.8937,4.5681
2021-08-11,3.9148,4.5854
2021-08-12,3.9074,4.59
2021-08-13,3.8934,4.5718
2021-08-16,3.873,4.5651
2021-08-17,3.8797,4.5691
2021-08-18,3.8861,4.5547
2021-08-19,3.9226,4.5843
2021-08-20,3.9301,4.588
2021-08-23,3.9107,4.5876
2021-08-24,3.9086,4.5848
2021-08-25,3.8869,4.5679
2021-08-26,3.8912,4.5758
2021-08-27,3.8978,4.5803
2021-08-30,3.8724,4.5691
2021-08-31,3.8386,4.5374
2021-09-01,3.8238,4.5184
2021-09-02,3.8044,4.5067
2021-09-03,3.7998,4.5124
2021-09-06,3.8041,4.5134
2021-09-07,3.8041,4.5181
2021-09-08,3.8213,4.5175
2021-09-09,3.8292,4.5315
2021-09-10,3.8402,4.5499
2021-09-13,3.8495,4.5386
2021-09-14,3.8542,4.5559
2021-09-15,3.8475,4.5502
2021-09-16,3.8847,4.5736
2021-09-17,3.8882,4.5789
2021-09-20,3.9282,4.5999
2021-09-21,3.9337,4.6154
2021-09-22,3.946,4.6308
2021-09-23,3.9256,4.6012
2021-09-24,3.9268,4.6085
2021-09-27,3.9276,4.5912
2021-09-28,3.9546,4.6192
2021-09-29,3.9684,4.6287
2021-09-30,3.9925,4.6329
2021-10-01,3.9678,4.5941
2021-10-04,3.9368,4.5716
2021-10-05,3.9688,4.6034
2021-10-06,3.9992,4.6203
2021-10-07,3.9334,4.5472
2021-10-08,3.9775,4.5956
2021-10-11,3.9862,4.612
2021-10-12,3.9664,4.5859
2021-10-13,3.9638,4.5806
2021-10-14,3.9403,4.577
2021-10-15,3.9413,4.5733
2021-10-18,3.9471,4.5715
2021-10-19,3.9212,4.5717
2021-10-20,3.9428,4.5841
2021-10-21,3.9449,4.593
2021-10-22,3.9576,4.6072
2021-10-25,3.9502,4.6018
2021-10-26,3.974,4.6134
2021-10-27,3.9815,4.6165
2021-10-28,3.9938,4.6284
2021-10-29,3.9664,4.6208
2021-11-02,3.9772,4.6129
2021-11-03,3.9681,4.6
2021-11-04,3.9807,4.5987
2021-11-05,3.9911,4.6065
2021-11-08,3.9747,4.595
2021-11-09,3.9622,4.5942
2021-11-10,3.9737,4.6007
2021-11-12,4.0559,4.6412
2021-11-15,4.0497,4.6365
2021-11-16,4.1061,4.6652
2021-11-17,4.1204,4.6614
2021-11-18,4.1114,4.6592
2021-11-19,4.1457,4.6844
2021-11-22,4.1855,4.721
2021-11-23,4.1893,4.7171
2021-11-24,4.1764,4.6811
2021-11-25,4.16,4.6688
2021-11-26,4.1754,4.7038
2021-11-29,4.1627,4.6982
2021-11-30,4.1214,4.6834
2021-12-01,4.1051,4.6494
2021-12-02,4.0625,4.6002
2021-12-03,4.0653,4.5934
2021-12-06,4.0619,4.5889
2021-12-07,4.0788,4.5991
2021-12-08,4.071,4.5941
2021-12-09,4.0837,4.6226
2021-12-10,4.0887,4.6129
2021-12-13,4.1003,4.6204
2021-12-14,4.1088,4.6436
2021-12-15,4.0999,4.6214
2021-12-16,4.0938,4.6315
2021-12-17,4.0882,4.6334
2021-12-20,4.1182,4.6381
2021-12-21,4.0937,4.6238
2021-12-22,4.0984,4.6244
2021-12-23,4.095,4.6359
2021-12-24,4.0785,4.6252
2021-12-27,4.0889,4.6239
2021-12-28,4.062,4.6028
2021-12-29,4.0779,4.5997
2021-12-30,4.0631,4.5915
2021-12-31,4.06,4.5994
2022-01-03,4.0424,4.5889
2022-01-04,4.0468,4.5737
2022-01-05,4.0396,4.5672
2022-01-07,4.0279,4.5576
2022-01-10,4.0064,4.5377
2022-01-11,4.0106,4.5454
2022-01-12,3.9879,4.5332
2022-01-13,3.9463,4.527
2022-01-14,3.9597,4.5372
2022-01-17,3.9567,4.5201
2022-01-18,3.9734,4.5275
2022-01-19,3.993,4.5279
2022-01-20,3.9833,4.5201
2022-01-21,3.9953,4.5303
2022-01-24,4.0049,4.5358
2022-01-25,4.0593,4.5821
2022-01-26,4.0684,4.592
2022-01-27,4.083,4.5713
2022-01-28,4.1048,4.5697
2022-01-31,4.1147,4.5982
2022-02-01,4.0689,4.582
2022-02-02,4.0283,4.55
2022-02-03,4.0267,4.5439
2022-02-04,3.9657,4.5459
2022-02-07,3.9872,4.555
2022-02-08,3.9693,4.5274
2022-02-09,3.953,4.5167
2022-02-10,3.9218,4.4879
2022-02-11,3.9665,4.5163
2022-02-14,4.0439,4.5743
2022-02-15,3.974,4.5091
2022-02-16,3.9478,4.4916
2022-02-17,3.9687,4.5088
2022-02-18,3.9798,4.5256
2022-02-21,3.9769,4.5193
2022-02-22,4.012,4.5416
2022-02-23,3.9937,4.5352
2022-02-24,4.1281,4.6284
2022-02-25,4.1683,4.6608
2022-02-28,4.1965,4.6909
2022-03-01,4.2193,4.7241
2022-03-02,4.3302,4.7989
2022-03-03,4.3257,4.7931
2022-03-04,4.391,4.8363
2022-03-07,4.5722,4.9647
2022-03-08,4.5115,4.9121
2022-03-09,4.4147,4.8429
2022-03-10,4.3482,4.8013
2022-03-11,4.3694,4.7924
2022-03-14,4.3221,4.7465
2022-03-15,4.2992,4.7311
2022-03-16,4.2828,4.7055
2022-03-17,4.2403,4.6876
2022-03-18,4.2707,4.7221
2022-03-21,4.2444,4.693
2022-03-22,4.272,4.6975
2022-03-23,4.2772,4.7036
2022-03-24,4.331,4.7589
2022-03-25,4.3125,4.7459
2022-03-28,4.2784,4.702
2022-03-29,4.2917,4.7144
2022-03-30,4.1688,4.6507
2022-03-31,4.1801,4.6525
2022-04-01,4.1978,4.6428
2022-04-04,4.2073,4.6373
2022-04-05,4.2233,4.6317
2022-04-06,4.2606,4.6539
2022-04-07,4.2727,4.6478
2022-04-08,4.2703,4.6405
2022-04-11,4.2586,4.6451
2022-04-12,4.2926,4.6626
2022-04-13,4.2872,4.646
2022-04-14,4.2581,4.6447
2022-04-15,4.2865,4.6378
2022-04-19,4.2887,4.6361
2022-04-20,4.2708,4.6295
2022-04-21,4.2596,4.6523
2022-04-22,4.2935,4.6361
2022-04-25,4.3188,4.6405
2022-04-26,4.3469,4.6429
2022-04-27,4.4453,4.7076
2022-04-28,4.4613,4.6915
2022-04-29,4.4072,4.6582
2022-05-02,4.4454,4.6806
2022-05-04,4.4456,4.6777
2022-05-05,4.4017,4.6658
2022-05-06,4.4502,4.6979
2022-05-09,4.4784,4.7059
2022-05-10,4.4223,4.6761
2022-05-11,4.419,4.67
2022-05-12,4.4863,4.6841
2022-05-13,4.4849,4.6679
2022-05-16,4.4785,4.6724
2022-05-17,4.4379,4.6558
2022-05-18,4.4279,4.6528
2022-05-19,4.4231,4.6429
2022-05-20,4.3832,4.6366
2022-05-23,4.3369,4.6171
2022-05-24,4.3071,4.6107
2022-05-25,4.3069,4.5955
2022-05-26,4.3189,4.6135
2022-05-27,4.2966,4.6102
2022-05-30,4.2617,4.5869
2022-05-31,4.2651,4.5756
2022-06-01,4.2817,4.5891
2022-06-02,4.2931,4.5876
2022-06-03,4.2689,4.5908
2022-06-06,4.2675,4.588
2022-06-07,4.2935,4.5855
2022-06-08,4.2904,4.5817
2022-06-09,4.2764,4.5826
2022-06-10,4.3363,4.603
2022-06-13,4.4209,4.6313
2022-06-14,4.4478,4.6548
2022-06-15,4.4455,4.6642
2022-06-17,4.463,4.6951
2022-06-20,4.44,4.6731
2022-06-21,4.3917,4.646
2022-06-22,4.4338,4.659
2022-06-23,4.4881,4.7096
2022-06-24,4.4656,4.7094
2022-06-27,4.4369,4.6965
2022-06-28,4.4377,4.7004
2022-06-29,4.4533,4.6809
2022-06-30,4.4825,4.6806
2022-07-01,4.5106,4.7176
2022-07-04,4.5032,4.7002
2022-07-05,4.5947,4.7358
2022-07-06,4.6796,4.7942
2022-07-07,4.7029,4.7965
2022-07-08,4.7417,4.7958
2022-07-11,4.7416,4.7976
2022-07-12,4.8284,4.8337
2022-07-13,4.8221,4.8399
2022-07-14,4.8274,4.8371
2022-07-15,4.7966,4.8115
2022-07-18,4.7152,4.777
2022-07-19,4.6594,4.7731
2022-07-20,4.6524,4.7603
2022-07-21,4.6682,4.7578
2022-07-22,4.692,4.7643
2022-07-25,4.6171,4.7196
2022-07-26,4.6222,4.7183
2022-07-27,4.7142,4.7811
2022-07-28,4.6952,4.7973
2022-07-29,4.6365,4.7399
2022-08-01,4.629,4.7475
2022-08-02,4.5984,4.7092
2022-08-03,4.6164,4.7032
2022-08-04,4.634,4.723
2022-08-05,4.6024,4.7053
2022-08-08,4.6127,4.7013
2022-08-09,4.5919,4.7021
2022-08-10,4.6112,4.7138
2022-08-11,4.5206,4.6745
2022-08-12,4.5459,4.6832
2022-08-16,4.6282,4.6928
2022-08-17,4.6119,4.6921
2022-08-18,4.6468,4.7244
2022-08-19,4.7061,4.748
2022-08-22,4.7427,4.7493
2022-08-23,4.803,4.7706
2022-08-24,4.8029,4.7772
2022-08-25,4.7546,4.7584
2022-08-26,4.7465,4.7413
2022-08-29,4.7821,4.7529
2022-08-30,4.721,4.7328
2022-08-31,4.736,4.7265
2022-09-01,4.6959,4.7133
2022-09-02,4.7276,4.7144
2022-09-05,4.769,4.7263
2022-09-06,4.7367,4.7168
2022-09-07,4.7584,4.7137
2022-09-08,4.7268,4.7244
2022-09-09,4.6599,4.7098
2022-09-12,4.6225,4.7113
2022-09-13,4.6363,4.7082
2022-09-14,4.7233,4.7195
2022-09-15,4.7202,4.7164
2022-09-16,4.7384,4.7176
2022-09-19,4.7255,4.7142
2022-09-20,4.7118,4.7165
2022-09-21,4.7919,4.7449
2022-09-22,4.8343,4.7758
2022-09-23,4.8796,4.7591
2022-09-26,4.9113,4.7566
2022-09-27,4.9476,4.7616
2022-09-28,5.0381,4.8147
2022-09-29,5.0328,4.8637
2022-09-30,4.9533,4.8698
2022-10-03,4.9207,4.8272
2022-10-04,4.8615,4.8007
2022-10-05,4.838,4.8128
2022-10-06,4.8989,4.8445
2022-10-07,4.9588,4.8606
2022-10-10,5.0239,4.8677
2022-10-11,5.0171,4.8711
2022-10-12,5.0014,4.8536
2022-10-13,4.9905,4.8468
2022-10-14,4.9569,4.833
2022-10-17,4.9522,4.8229
2022-10-18,4.8929,4.8092
2022-10-19,4.8892,4.7997
2022-10-20,4.9024,4.7955
2022-10-21,4.9,4.7804
2022-10-24,4.8669,4.7866
2022-10-25,4.8499,4.7805
2022-10-26,4.7538,4.7723
2022-10-27,4.7216,4.7504
2022-10-28,4.7477,4.7199
2022-10-31,4.734,4.7089
2022-11-02,4.7485,4.7039
2022-11-03,4.8291,4.7101
2022-11-04,4.7975,4.6898
2022-11-07,4.6926,4.6858
2022-11-08,4.6893,4.6912
2022-11-09,4.6817,4.7037
2022-11-10,4.7328,4.7146
2022-11-14,4.5383,4.6794
2022-11-15,4.5143,4.6985
2022-11-16,4.505,4.6942
2022-11-17,4.5387,4.7039
2022-11-18,4.5337,4.7067
2022-11-21,4.5991,4.7035
2022-11-22,4.5844,4.7075
2022-11-23,4.548,4.6958
2022-11-24,4.5101,4.6993
2022-11-25,4.5111,4.6884
2022-11-28,4.4827,4.6835
2022-11-29,4.5164,4.6813
2022-11-30,4.5066,4.6684
2022-12-01,4.4911,4.6892
2022-12-02,4.4492,4.685
2022-12-05,4.4415,4.6898
2022-12-06,4.4787,4.6995
2022-12-07,4.4834,4.6968
2022-12-08,4.476,4.6976
2022-12-09,4.4351,4.6821
2022-12-12,4.4424,4.6912
2022-12-13,4.4527,4.6945
2022-12-14,4.3973,4.6886
2022-12-15,4.41,4.6843
2022-12-16,4.4227,4.6934
2022-12-19,4.4153,4.6886
2022-12-20,4.4001,4.6804
2022-12-21,4.3947,4.6648
2022-12-22,4.3726,4.6551
2022-12-23,4.37,4.6364
2022-12-27,4.3671,4.6558
2022-12-28,4.4127,4.6938
2022-12-29,4.4078,4.6969
2022-12-30,4.4018,4.6899
2023-01-02,4.3811,4.6784
2023-01-03,4.4373,4.68
2023-01-04,4.3998,4.6688
2023-01-05,4.397,4.6709
2023-01-09,4.401,4.697
2023-01-10,4.372,4.6981
2023-01-11,4.3639,4.6871
2023-01-12,4.3556,4.6888
2023-01-13,4.3272,4.6915
2023-01-16,4.3436,4.7004
2023-01-17,4.3398,4.6946
2023-01-18,4.3322,4.7091
2023-01-19,4.3469,4.7053
2023-01-20,4.352,4.7137
2023-01-23,4.3242,4.7186
2023-01-24,4.3341,4.7073
2023-01-25,4.3265,4.7079
2023-01-26,4.3354,4.7239
2023-01-27,4.3252,4.7076
2023-01-30,4.3258,4.716
2023-01-31,4.348,4.7089
2023-02-01,4.3254,4.708
2023-02-02,4.2803,4.7079
2023-02-03,4.2928,4.692
2023-02-06,4.3833,4.7195
2023-02-07,4.4325,4.7476
2023-02-08,4.4074,4.7402
2023-02-09,4.4003,4.7363
2023-02-10,4.4565,4.7716
2023-02-13,4.4856,4.7895
2023-02-14,4.4463,4.7847
2023-02-15,4.4372,4.7593
2023-02-16,4.4601,4.7728
2023-02-17,4.4888,4.7747
2023-02-20,4.4515,4.7542
2023-02-21,4.4524,4.7469
2023-02-22,4.4687,4.7538
2023-02-23,4.4873,4.7525
2023-02-24,4.463,4.7245
2023-02-27,4.4697,4.7162
2023-02-28,4.4475,4.717
2023-03-01,4.4094,4.6925
2023-03-02,4.4002,4.675
2023-03-03,4.4341,4.7046
2023-03-06,4.4289,4.7073
2023-03-07,4.3981,4.6871
2023-03-08,4.4626,4.7018
2023-03-09,4.4356,4.6836
2023-03-10,4.4266,4.6838
2023-03-13,4.3906,4.6848
2023-03-14,4.3793,4.6909
2023-03-15,4.403,4.7015
2023-03-16,4.4248,4.6978
2023-03-17,4.4202,4.7062
2023-03-20,4.413,4.7109
2023-03-21,4.3715,4.6981
2023-03-22,4.3467,4.6888
2023-03-23,4.3011,4.6817
2023-03-24,4.3742,4.6911
2023-03-27,4.3518,4.6856
2023-03-28,4.33,4.6816
2023-03-29,4.3247,4.685
2023-03-30,4.3043,4.6801
2023-03-31,4.2934,4.6755
2023-04-03,4.3168,4.6805
2023-04-04,4.2855,4.6785
2023-04-05,4.2739,4.6803
2023-04-06,4.3033,4.6902
2023-04-07,4.2932,4.6862
2023-04-11,4.2917,4.681
2023-04-12,4.2713,4.666
2023-04-13,4.2225,4.6511
2023-04-14,4.2042,4.6494
2023-04-17,4.2261,4.6341
2023-04-18,4.2151,4.6286
2023-04-19,4.2244,4.6278
2023-04-20,4.2024,4.6109
2023-04-21,4.2006,4.6039
2023-04-24,4.1905,4.6129
2023-04-25,4.1649,4.598
2023-04-26,4.1557,4.5887
2023-04-27,4.1541,4.5915
2023-04-28,4.1753,4.5889
2023-05-02,4.1823,4.5892
2023-05-04,4.1547,4.5868
2023-05-05,4.1612,4.5885
2023-05-08,4.1384,4.5671
2023-05-09,4.1609,4.5683
2023-05-10,4.1532,4.5488
2023-05-11,4.1414,4.5259
2023-05-12,4.1638,4.5444
2023-05-15,4.149,4.5096
2023-05-16,4.1228,4.4904
2023-05-17,4.1504,4.4945
2023-05-18,4.1929,4.5355
2023-05-19,4.2053,4.5367
2023-05-22,4.1881,4.5269
2023-05-23,4.1634,4.4981
2023-05-24,4.1573,4.4803
2023-05-25,4.1994,4.503
2023-05-26,4.2156,4.5242
2023-05-29,4.2234,4.5294
2023-05-30,4.2242,4.522
2023-05-31,4.2559,4.5376
2023-06-01,4.2399,4.5312
2023-06-02,4.1903,4.5148
2023-06-05,4.1933,4.4851
2023-06-06,4.1964,4.4902
2023-06-07,4.1887,4.479
2023-06-09,4.1545,4.4717
2023-06-12,4.1169,4.4366
2023-06-13,4.1439,4.4783
2023-06-14,4.1393,4.4715
2023-06-15,4.1203,4.4633
2023-06-16,4.0715,4.4583
2023-06-19,4.068,4.4457
2023-06-20,4.058,4.4386
2023-06-21,4.0648,4.4408
2023-06-22,4.033,4.4335
2023-06-23,4.0893,4.4367
2023-06-26,4.0669,4.4297
2023-06-27,4.0481,4.4286
2023-06-28,4.0719,4.46
2023-06-29,4.0832,4.4568
2023-06-30,4.1066,4.4503
2023-07-03,4.0714,4.4321
2023-07-04,4.0636,4.4273
2023-07-05,4.0869,4.4498
2023-07-06,4.1191,4.4754
2023-07-07,4.1189,4.4803
2023-07-10,4.0632,4.4553
2023-07-11,4.0374,4.4426
2023-07-12,4.0347,4.4471
2023-07-13,3.9724,4.4336
2023-07-14,3.9617,4.4486
2023-07-17,3.9616,4.452
2023-07-18,3.9451,4.4331
2023-07-19,3.9612,4.4492
2023-07-20,3.971,4.4511
2023-07-21,3.999,4.4501
2023-07-24,4.021,4.4517
2023-07-25,4.008,4.4348
2023-07-26,3.9949,4.4248
2023-07-27,3.9702,4.4224
2023-07-28,4.0377,4.4257
2023-07-31,3.9995,4.4135
2023-08-01,4.0262,4.419
2023-08-02,4.0497,4.4484
2023-08-03,4.081,4.4585
2023-08-04,4.062,4.4438
2023-08-07,4.0347,4.4279
2023-08-08,4.0396,4.4375
2023-08-09,4.0592,4.4586
2023-08-10,4.0521,4.465
2023-08-11,4.0501,4.4547
2023-08-14,4.0525,4.4361
2023-08-16,4.0832,4.4621
2023-08-17,4.1094,4.4681
2023-08-18,4.1285,4.4869
2023-08-21,4.1124,4.4768
2023-08-22,4.0924,4.4648
2023-08-23,4.1438,4.4834
2023-08-24,4.118,4.473
2023-08-25,4.1419,4.4674
2023-08-28,4.14,4.4716
2023-08-29,4.1341,4.469
2023-08-30,4.1167,4.474
2023-08-31,4.1074,4.4684
2023-09-01,4.1263,4.4762
2023-09-04,4.1353,4.4653
2023-09-05,4.1643,4.4764
2023-09-06,4.1895,4.4974
2023-09-07,4.289,4.594
2023-09-08,4.2958,4.6019
2023-09-11,4.3077,4.6209
2023-09-12,4.3711,4.6836
2023-09-13,4.3225,4.6402
2023-09-14,4.312,4.6285
2023-09-15,4.3418,4.6307
2023-09-18,4.3489,4.6377
2023-09-19,4.3472,4.6458
2023-09-20,4.3501,4.6529
2023-09-21,4.3365,4.621
2023-09-22,4.3269,4.6069
2023-09-25,4.3188,4.5892
2023-09-26,4.3485,4.6077
2023-09-27,4.3622,4.6065
2023-09-28,4.4062,4.634
2023-09-29,4.3697,4.6356
2023-10-02,4.3634,4.6091
2023-10-03,4.4012,4.6147
2023-10-04,4.4155,4.6303
2023-10-05,4.3768,4.5974
2023-10-06,4.3608,4.5998
2023-10-09,4.3439,4.5793
2023-10-10,4.2985,4.5581
2023-10-11,4.2589,4.5183
2023-10-12,4.2659,4.5329
2023-10-13,4.3033,4.5417
2023-10-16,4.2505,4.4804
2023-10-17,4.2131,4.4389
2023-10-18,4.2035,4.4488
2023-10-19,4.2264,4.4529
2023-10-20,4.2194,4.4675
2023-10-23,4.2022,4.4552
2023-10-24,4.1884,4.4604
2023-10-25,4.2284,4.4758
2023-10-26,4.2395,4.4708
2023-10-27,4.2267,4.4642
2023-10-30,4.204,4.4491
2023-10-31,4.1684,4.4475
2023-11-02,4.1963,4.4582
2023-11-03,4.1857,4.4569
2023-11-06,4.1512,4.4615
2023-11-07,4.1667,4.4513
2023-11-08,4.1804,4.4584
2023-11-09,4.1513,4.4413
2023-11-10,4.1423,4.4227
2023-11-13,4.1474,4.4336
2023-11-14,4.121,4.4163
2023-11-15,4.0453,4.39
2023-11-16,4.0415,4.3854
2023-11-17,4.0327,4.3767
2023-11-20,3.9938,4.368
2023-11-21,3.9882,4.3647
2023-11-22,4.018,4.3804
2023-11-23,3.9969,4.3658
2023-11-24,4.0103,4.3722
2023-11-27,3.9769,4.3543
2023-11-28,3.975,4.3542
2023-11-29,3.9478,4.3327
2023-11-30,3.981,4.3492
2023-12-01,3.991,4.3494
2023-12-04,3.985,4.3337
2023-12-05,3.991,4.3233
2023-12-06,4.0202,4.3382
2023-12-07,4.0199,4.3334
2023-12-08,4.0181,4.3303
2023-12-11,4.0277,4.3366
2023-12-12,4.0204,4.3396
2023-12-13,4.0149,4.3309
2023-12-14,3.9484,4.3053
2023-12-15,3.9326,4.3103
2023-12-18,3.9625,4.3269
2023-12-19,3.9591,4.3321
2023-12-20,3.9527,4.3341
2023-12-21,3.9645,4.3387
2023-12-22,3.9338,4.3288
2023-12-27,3.9178,4.3311
2023-12-28,3.899,4.3392
2023-12-29,3.935,4.348
2024-01-02,3.9432,4.3434
2024-01-03,3.9909,4.3646
2024-01-04,3.9684,4.3525
2024-01-05,3.985,4.3484
2024-01-08,3.9812,4.3548
2024-01-09,3.9612,4.3351
2024-01-10,3.9656,4.3413
2024-01-11,3.968,4.3505
2024-01-12,3.9746,4.3574
2024-01-15,3.9963,4.3748
2024-01-16,4.0358,4.3934
2024-01-17,4.0434,4.3978
2024-01-18,4.0437,4.4016
2024-01-19,4.0289,4.3846
2024-01-22,3.9972,4.356
2024-01-23,4.0133,4.3697
2024-01-24,4.0131,4.3755
2024-01-25,4.0189,4.379
2024-01-26,4.0393,4.3802
2024-01-29,4.0326,4.3653
2024-01-30,4.0301,4.3634
2024-01-31,4.0135,4.3434
2024-02-01,4.0047,4.3247
2024-02-02,3.9641,4.3173
2024-02-05,4.0244,4.3278
2024-02-06,4.0484,4.3435
2024-02-07,4.0362,4.3466
2024-02-08,4.0292,4.3449
2024-02-09,4.0096,4.3167
2024-02-12,4.0189,4.328
2024-02-13,4.0136,4.3214
2024-02-14,4.0593,4.3435
2024-02-15,4.0495,4.3463
2024-02-16,4.0325,4.3414
2024-02-19,4.0269,4.339
2024-02-20,3.9994,4.3186
2024-02-21,3.9966,4.3163
2024-02-22,3.9804,4.3199
2024-02-23,4.005,4.3326
2024-02-26,3.9776,4.3117
2024-02-27,3.9682,4.3067
2024-02-28,3.9922,4.3116
2024-02-29,3.9803,4.319
2024-03-01,3.9922,4.3176
2024-03-04,3.982,4.3201
2024-03-05,3.9838,4.3228
2024-03-06,3.963,4.3106
2024-03-07,3.9485,4.3045
2024-03-08,3.9392,4.3079
2024-03-11,3.9262,4.2933
2024-03-12,3.9162,4.2804
2024-03-13,3.9269,4.2896
2024-03-14,3.9183,4.287
2024-03-15,3.9392,4.2929
2024-03-18,3.9528,4.3086
2024-03-19,3.9866,4.3201
2024-03-20,3.9895,4.3242
2024-03-21,3.9431,4.3031
2024-03-22,3.9928,4.3186
2024-03-25,3.9833,4.3091
2024-03-26,3.9704,4.3093
2024-03-27,3.9857,4.3153
2024-03-28,4.0081,4.3191
2024-03-29,3.9886,4.3009
2024-04-02,4.0009,4.2934
2024-04-03,3.9843,4.2923
2024-04-04,3.9515,4.2921
2024-04-05,3.9571,4.2883
2024-04-08,3.9546,4.2805
2024-04-09,3.9223,4.2588
2024-04-10,3.9264,4.2641
2024-04-11,3.9707,4.2649
2024-04-12,3.9983,4.2666
2024-04-15,4.0209,4.2851
2024-04-16,4.0687,4.3197
2024-04-17,4.0741,4.3353
2024-04-18,4.0559,4.3309
2024-04-19,4.0688,4.3316
2024-04-22,4.054,4.3203
2024-04-23,4.061,4.3335
2024-04-24,4.0417,4.3177
2024-04-25,4.0276,4.3198
2024-04-26,4.0245,4.3225
2024-04-29,4.0346,4.319
2024-04-30,4.0341,4.3213
2024-05-02,4.0474,4.3323
2024-05-06,4.0202,4.3294
2024-05-07,4.0056,4.3116
2024-05-08,4.0202,4.3195
2024-05-09,4.0076,4.2993
2024-05-10,3.9866,4.2979
2024-05-13,3.9853,4.2977
2024-05-14,3.9701,4.2812
2024-05-15,3.9368,4.2635
2024-05-16,3.9195,4.2617
2024-05-17,3.9363,4.2685
2024-05-20,3.9149,4.2575
2024-05-21,3.9175,4.2572
2024-05-22,3.9243,4.2575
2024-05-23,3.9394,4.2699
2024-05-24,3.9376,4.2624
2024-05-27,3.9196,4.2528
2024-05-28,3.9183,4.2592
2024-05-29,3.9244,4.2529
2024-05-31,3.9389,4.2678
2024-06-03,3.9501,4.2817
2024-06-04,3.9448,4.2923
2024-06-05,3.9607,4.3081
2024-06-06,3.953,4.2997
2024-06-07,3.9389,4.2891
2024-06-10,4.0159,4.3197
2024-06-11,4.0443,4.3456
2024-06-12,4.0342,4.3354
2024-06-13,4.0119,4.3355
2024-06-14,4.076,4.3581
2024-06-17,4.0728,4.3608
2024-06-18,4.0549,4.3468
2024-06-19,4.0387,4.3376
2024-06-20,4.0345,4.3238
2024-06-21,4.0527,4.3331
2024-06-24,4.0319,4.3198
2024-06-25,3.9975,4.2909
2024-06-26,4.0291,4.3087
2024-06-27,4.0312,4.3085
2024-06-28,4.032,4.313
2024-07-01,3.9915,4.2981
2024-07-02,4.0375,4.3286
2024-07-03,3.999,4.3021
2024-07-04,3.9784,4.2975
2024-07-05,3.9581,4.2858
2024-07-08,3.947,4.278
2024-07-09,3.9391,4.2633
2024-07-10,3.9324,4.2529
2024-07-11,3.9257,4.2586
2024-07-12,3.9099,4.2567
2024-07-15,3.896,4.2499
2024-07-16,3.9083,4.2604
2024-07-17,3.921,4.2904
2024-07-18,3.9296,4.2954
2024-07-19,3.9461,4.293
2024-07-22,3.9307,4.2797
2024-07-23,3.9355,4.281
2024-07-24,3.9498,4.2796
2024-07-25,3.9619,4.2971
2024-07-26,3.9415,4.2773
2024-07-29,3.9556,4.2847
2024-07-30,3.9567,4.2845
2024-07-31,3.9689,4.2953
2024-08-01,3.9802,4.2924
2024-08-02,3.9672,4.2903
2024-08-05,3.9331,4.3073
2024-08-06,3.9467,4.313
2024-08-07,3.9526,4.3158
2024-08-08,3.952,4.3225
2024-08-09,3.9604,4.3238
2024-08-12,3.9488,4.3123
2024-08-13,3.9314,4.2945
2024-08-14,3.8963,4.2933
2024-08-16,3.8914,4.2732
2024-08-19,3.8682,4.2693
2024-08-20,3.8506,4.2665
2024-08-21,3.8565,4.2879
2024-08-22,3.8456,4.285
2024-08-23,3.8453,4.2769
2024-08-26,3.8284,4.2803
2024-08-27,3.8331,4.2802
2024-08-28,3.8539,4.2938
2024-08-29,3.867,4.2862
2024-08-30,3.8644,4.2798
2024-09-02,3.8684,4.2812
2024-09-03,3.8701,4.2757
2024-09-04,3.8738,4.2815
2024-09-05,3.8487,4.2717
2024-09-06,3.8489,4.279
2024-09-09,3.8758,4.2818
2024-09-10,3.8798,4.2827
2024-09-11,3.8816,4.2864
2024-09-12,3.9025,4.2986
2024-09-13,3.8659,4.2883
2024-09-16,3.8438,4.2753
2024-09-17,3.8354,4.2748
2024-09-18,3.8358,4.2691
2024-09-19,3.8249,4.2693
2024-09-20,3.8317,4.2779
2024-09-23,3.8571,4.2785
2024-09-24,3.83,4.2668
2024-09-25,3.8117,4.2634
2024-09-26,3.8294,4.2665
2024-09-27,3.8368,4.2761
2024-09-30,3.8193,4.2791
2024-10-01,3.859,4.2846
2024-10-02,3.8792,4.2952
2024-10-03,3.8951,4.299
2024-10-04,3.9118,4.313
2024-10-07,3.9368,4.3185
2024-10-08,3.9299,4.3203
2024-10-09,3.9266,4.3026
2024-10-10,3.9355,4.3029
2024-10-11,3.9204,4.2926
2024-10-14,3.9288,4.2928
2024-10-15,3.9332,4.2913
2024-10-16,3.9468,4.2955
2024-10-17,3.9786,4.3174
2024-10-18,3.9718,4.3048
2024-10-21,3.9775,4.3178
2024-10-22,3.9862,4.3159
2024-10-23,4.0176,4.3344
2024-10-24,4.0168,4.3396
2024-10-25,4.0219,4.3533
2024-10-28,4.0207,4.3478
2024-10-29,4.0251,4.3542
2024-10-30,3.9989,4.335
2024-10-31,4.0059,4.353
2024-11-04,3.9869,4.3443
2024-11-05,4.0038,4.3607
2024-11-06,4.0595,4.3662
2024-11-07,4.0414,4.3431
2024-11-08,4.0117,4.3244
2024-11-12,4.1011,4.357
2024-11-13,4.0853,4.3416
2024-11-14,4.122,4.3365
2024-11-15,4.0898,4.3198
2024-11-18,4.0997,4.332
2024-11-19,4.1052,4.3308
2024-11-20,4.112,4.3404
2024-11-21,4.1332,4.3469
2024-11-22,4.1752,4.343
2024-11-25,4.1297,4.3319
2024-11-26,4.1073,4.3157
2024-11-27,4.0974,4.309
2024-11-28,4.0907,4.3085
2024-11-29,4.077,4.3043
2024-12-02,4.0827,4.2923
2024-12-03,4.0803,4.2927
2024-12-04,4.0845,4.2899
2024-12-05,4.0554,4.2695
2024-12-06,4.0341,4.2669
2024-12-09,4.0298,4.2581
2024-12-10,4.0518,4.2672
2024-12-11,4.0628,4.2661
2024-12-12,4.074,4.2818
2024-12-13,4.0738,4.2722
2024-12-16,4.0571,4.2622
2024-12-17,4.0623,4.2599
2024-12-18,4.0621,4.2628
2024-12-19,4.0944,4.2633
2024-12-20,4.1002,4.2572
2024-12-23,4.095,4.2621
2024-12-24,4.1127,4.2739
2024-12-27,4.1036,4.2747
2024-12-30,4.096,4.2738
2024-12-31,4.1012,4.273
